Team,Opp,Game Num,Date,Team Score,Opp Score,Result,Location,TSP,TOV,ORB,FTR,Poss,OEff,DEff,Opp TSP,Opp TOV,Opp ORB,Opp FTR,Opp Poss,Opp OEff,Opp DEff,Rolling4TSP,Rolling4TOV,Rolling4ORB,Rolling4FTR,Rolling4Poss,Rolling4OEff,Rolling4DEff,Opp R4TSP,Opp R4TOV,Opp R4ORB,Opp R4FTR,Opp R4Poss,Opp R4OEff,Opp R4DEff,Odds,Line,Cover
ATL,DAL,1,20190524,76,72,1,1,0.5015839493136219,0.16527104451300131,0.2424242424242425,0.2857142857142857,79.4496,95.65812792009022,90.6234896085065,0.4442250740375123,0.15618492294877134,0.425,0.16216216216216214,75.8784,94.88866396761135,100.16025641025641,,,,,,,,,,,,,,,-380.0,-8.5,-1.0
ATL,SEA,2,20190531,66,82,0,1,0.41687721071248107,0.150279089738085,0.20930232558139536,0.1643835616438356,80.7936,81.68963878326997,101.49318757921421,0.5240286298568507,0.11332728921124208,0.18421052631578946,0.2608695652173913,77.9904,105.14114557689152,84.62580009847365,,,,,,,,,,,,,,,-265.0,-6.0,-1.0
ATL,WAS,3,20190601,75,96,0,0,0.47782874617737003,0.14210756449497158,0.3157894736842105,0.14084507042253522,76.3008,98.29516859587318,125.81781580271769,0.6600660066006601,0.16143911439114392,0.36,0.16417910447761194,74.6112,128.66700977869274,100.52110138960371,,,,,,,,,,,,,,,-375.0,7.5,-1.0
ATL,LVA,4,20190606,69,92,0,1,0.42931806869089095,0.1572986577181208,0.20454545454545456,0.2222222222222222,82.90559999999998,83.22718851320056,110.96958468426745,0.5690252350321623,0.20620581304006289,0.3333333333333333,0.09210526315789473,86.2464,106.67111902641734,80.00333926981301,,,,,,,,,,,,,,,130.0,3.0,-1.0
ATL,CON,5,20190609,59,65,0,1,0.3954423592493298,0.19438444924406048,0.30952380952380953,0.17647058823529413,76.416,77.20896147403684,85.0607202680067,0.38038389513108617,0.11406055578598093,0.32653061224489793,0.2297297297297297,77.2224,84.17246809215979,76.40270180672967,0.45640199372359097,0.15373908911604467,0.2430153740588257,0.2032912850007197,79.8624,89.71753095310848,107.22601941867646,0.4871534662579861,0.1331275296456354,0.3565340909090909,0.22443629429930795,80.304,102.01367209360365,95.04238502522743,185.0,4.0,-1.0
ATL,DAL,6,20190615,61,71,0,0,0.4490577149587751,0.22747952684258416,0.3333333333333333,0.21666666666666667,72.8832,83.69555672637864,97.41613979627678,0.433349609375,0.12776831345826234,0.37777777777777777,0.17567567567567569,73.8432,96.14967932050615,82.6074709655053,0.429866596207518,0.16101744029880946,0.2597902658337175,0.1759803606309718,79.10399999999998,85.10523934159515,105.8353270835515,0.4549712864988344,0.14719660298400172,0.3147766867279062,0.14645356823837544,71.3856,92.80044475218031,109.2540542963833,-150.0,-3.0,-1.0
ATL,IND,7,20190619,88,78,1,1,0.5632360471070148,0.07132667617689015,0.34375,0.2647058823529412,70.1952,125.36469730123993,111.11870897155364,0.4573170731707317,0.08576329331046313,0.3863636363636364,0.1125,73.22879999999998,106.51546932354485,120.17129872399931,0.4379117222690915,0.18031754957493426,0.29079801777170194,0.1890511368866796,77.12639999999998,85.60671882737229,104.81606513781712,0.5162723449265566,0.14533594470874533,0.30371742710452393,0.15897557303807308,74.16,104.51942019199608,107.90716034993693,-125.0,-1.5,1.0
ATL,CON,8,20190621,76,86,0,0,0.4945340968245705,0.11515430677107324,0.16666666666666666,0.1111111111111111,78.5664,96.73346366894756,109.46155099380907,0.5767167381974249,0.13863216266173753,0.2,0.25,76.3776,112.59845818669348,99.50561421149656,0.4592635475015026,0.1626223274954139,0.2977881493506493,0.22001633986928104,75.6,92.374101003714,101.14128843002615,0.528260241157247,0.15572738384733645,0.26501273721269714,0.17485667485667486,76.5696,102.66112292996307,92.01029227037813,650.0,12.5,1.0
ATL,WAS,9,20190623,73,89,0,1,0.4828042328042329,0.13698630136986306,0.35,0.14492753623188406,70.65599999999998,103.31748188405798,125.96240942028987,0.5613017154389506,0.0916590284142988,0.28125,0.14864864864864866,75.1488,118.43169817748257,97.14060637029469,0.4755675545349225,0.152086239758652,0.2883184523809524,0.19223856209150328,74.5152,95.75066979265074,100.76428000741151,0.5429478643558715,0.1383556070447032,0.1906213906213906,0.19258711807386208,76.31039999999999,105.3497320014391,92.26942516514627,325.0,8.0,-1.0
ATL,NYL,10,20190630,58,74,0,1,0.3785900783289817,0.16375545851528386,0.175,0.17142857142857146,81.21600000000002,71.414499605989,91.11505122143421,0.4795230689476413,0.15357612988152694,0.30303030303030304,0.15492957746478872,77.91359999999997,94.97700016428455,74.44143256119601,0.4974080229236483,0.13773670279010264,0.2984375,0.18435279909065075,73.07519999999998,102.27779989515602,110.98970229548232,0.5165727510453336,0.1148537928218194,0.2188546150167385,0.16609824109824112,79.5072,104.55392443643886,107.52202095326551,-155.0,-2.5,-1.0
ATL,MIN,11,20190702,68,85,0,0,0.4696132596685082,0.17162471395881007,0.2285714285714285,0.1176470588235294,76.22399999999998,89.21074727120067,111.51343408900084,0.543756397134084,0.14260640631856078,0.3793103448275862,0.1388888888888889,76.9536,110.45617099135063,88.36493679308052,0.47979111376620004,0.12180568570827754,0.25885416666666666,0.17304327528112695,75.15839999999999,99.20753561505863,109.41443015177171,0.5523696404865676,0.15936415597982914,0.215000715000715,0.25738139005602245,79.40160000000002,104.09100220025265,102.57487276684166,225.0,8.0,-1.0
ATL,SEA,12,20190705,77,66,1,0,0.5183091007000539,0.16801075268817206,0.3235294117647059,0.15942028985507245,75.1488,102.46337932209164,87.82575370464998,0.4518072289156626,0.20643198609300306,0.3157894736842105,0.16666666666666666,76.83840000000002,85.89455272363817,100.2103115109112,0.4563854169065734,0.14688019515375753,0.2300595238095237,0.13627856939877406,76.66559999999998,90.16904810754879,109.51311143113352,0.4603299127280189,0.1414681723465545,0.2725684582729727,0.16133920688715214,76.25280000000002,93.93972151955792,95.18440629171104,220.0,6.5,1.0
ATL,PHO,13,20190707,63,65,0,0,0.3931602596105841,0.13026487190620928,0.2653061224489796,0.2,75.9552,82.94362992922144,85.57676103808559,0.4337960491190603,0.11775788977861515,0.2857142857142857,0.22388059701492533,70.00319999999999,92.85289815322727,89.99588590235876,0.4623291678754442,0.16009430663303226,0.26927521008403354,0.14835586408476434,75.81119999999999,91.60152702083485,104.10416210884377,0.5502170439462248,0.11817914400182015,0.16136169266557196,0.21268416020254247,73.6896,107.8313912036738,97.64726886053008,270.0,7.5,1.0
ATL,CON,14,20190710,78,75,1,1,0.540765391014975,0.2171081198436821,0.35294117647058826,0.3064516129032258,76.9152,101.41038442336495,97.5099850224663,0.4854997410668048,0.15344147303814118,0.3,0.22058823529411764,76.07039999999998,98.59288238263504,102.53659767794045,0.43991817457703203,0.15841394926711885,0.2481017406962785,0.16212398002679335,77.13600000000002,86.5080640321257,94.00775001329269,0.4527430615317261,0.15738568462871824,0.2486124517374517,0.13956838443139807,78.54719999999998,88.6314792788233,109.22270240607438,180.0,5.5,1.0
ATL,MIN,15,20190712,60,53,1,1,0.39556962025316456,0.13661202185792348,0.35714285714285715,0.11267605633802814,69.9264,85.80450302031849,75.79397766794801,0.3943452380952381,0.15151515151515152,0.2926829268292683,0.061538461538461535,64.512,82.15525793650794,93.00595238095238,0.4804620027485303,0.1717521145992184,0.2925870348139255,0.1958797403954569,76.0608,94.00703523646969,95.6064834635507,0.5070452666283966,0.11601128435547176,0.2717978704446226,0.1787032412032412,76.46400000000001,103.88720635850369,97.930672234865,-103.0,1.0,1.0
ATL,LAS,16,20190714,71,76,0,1,0.4101201478743069,0.11275112751127513,0.35714285714285715,0.25,79.2576,89.5813145994832,95.88985788113695,0.41179020372778496,0.05139802631578947,0.3137254901960784,0.11494252873563215,78.0288,97.3999343832021,90.99204396325459,0.4619510928946944,0.16299894157399675,0.3247298919567827,0.1946369897740816,74.4864,93.15547417374914,86.67661935828751,0.5421595304805852,0.14179092854207326,0.3342948363555948,0.15228324207197447,77.38559999999998,111.02279345615784,99.54165053596287,158.0,4.0,-1.0
ATL,CHI,17,20190717,76,77,0,0,0.4343850022862368,0.0837871805613741,0.19047619047619047,0.2,83.9808,90.49687547629934,91.68762383782959,0.5033995815899581,0.181857081728712,0.225,0.18840579710144928,81.1008,94.94357638888887,93.71054292929293,0.4349038546882577,0.14918403527977253,0.3331332533013205,0.2172819173103135,75.51360000000003,89.93495799309704,88.69264540240923,0.5649938481980857,0.14303381482394514,0.15210594530681545,0.20964340073929108,79.152,106.87679018590048,95.2646892805903,,,0.0
WAS,CON,1,20190525,69,84,0,0,0.4389312977099237,0.12276785714285715,0.275,0.16666666666666666,75.45599999999997,91.44402035623408,111.323155216285,0.5111976630963972,0.09872751206669593,0.2972972972972973,0.15789473684210525,76.9536,109.15668662674652,89.66442115768463,,,,,,,,,,,,,,,100.0,1.0,-1.0
WAS,ATL,2,20190601,96,75,1,1,0.6600660066006601,0.16143911439114392,0.36,0.16417910447761194,74.6112,128.66700977869274,100.52110138960371,0.47782874617737003,0.14210756449497158,0.3157894736842105,0.14084507042253522,76.3008,98.29516859587318,125.81781580271769,,,,,,,,,,,,,,,285.0,-7.5,1.0
WAS,CHI,3,20190605,103,85,1,1,0.5752904378909741,0.10943095901313173,0.4444444444444444,0.04651162790697674,81.13919999999997,126.9423410632592,104.75824262501972,0.5730852211434736,0.18648530057042564,0.3870967741935484,0.16176470588235295,75.9936,111.85152433889169,135.53772949300995,,,,,,,,,,,,,,,-700.0,-11.0,1.0
WAS,NYL,4,20190607,94,85,1,0,0.5925365607665154,0.08109360518999073,0.2647058823529412,0.4029850746268657,74.2272,126.63821348508364,114.51327815140543,0.5530973451327433,0.18115942028985507,0.3333333333333333,0.1388888888888889,80.4864,105.60790394402036,116.78991730279898,,,,,,,,,,,,,,,-440.0,-9.0,0.0
WAS,DAL,5,20190609,86,62,1,1,0.5730277185501066,0.1378676470588235,0.3,0.2058823529411765,74.9184,114.79155988382028,82.75670596275414,0.4871150219987429,0.19074262461851474,0.2857142857142857,0.04918032786885247,67.81439999999999,91.42600981502454,126.81672329180824,0.5667060757420183,0.11868288393428088,0.3360375816993464,0.19508561841953026,76.35839999999997,118.42289617081741,107.77894434557848,,,,,,,,-1450.0,-14.5,1.0
WAS,CON,6,20190611,75,83,0,0,0.4916098584163608,0.09492168960607499,0.13513513513513514,0.15492957746478872,76.1088,98.54313824419779,109.05440632357887,0.5822109988776656,0.17385257301808066,0.1935483870967742,0.16666666666666666,77.0688,107.69598073409729,97.31564524165421,0.6002301809520639,0.12245783141327247,0.3422875816993464,0.20488953998815773,76.22399999999998,124.25978105271395,100.63733203219574,0.44419723120541627,0.1289201555031254,0.3472576530612245,0.2318687267317404,80.4864,94.29591227594747,88.97729324130077,175.0,4.0,-1.0
WAS,SEA,7,20190614,71,74,0,1,0.4745989304812834,0.1179245283018868,0.20512820512820512,0.2424242424242425,73.72800000000002,96.29991319444444,100.36892361111113,0.5418863503222027,0.2086230876216968,0.2903225806451613,0.15873015873015872,74.1888,99.74551414768808,95.70177708764663,0.5581161439059892,0.10582847521700524,0.28607136548313017,0.20257715823495195,76.59839999999998,116.72881316909019,102.7706582656895,0.5410973905427088,0.15767095557576374,0.2723484848484849,0.2073902697506569,76.35840000000002,104.70561934054666,104.99820112132284,-450.0,-9.0,-1.0
WAS,LAS,8,20190618,81,52,1,0,0.5612527716186253,0.19066846119336026,0.2222222222222222,0.18181818181818185,77.91359999999997,103.9613109906358,66.7405947100378,0.3517316017316017,0.2602081665332266,0.2631578947368421,0.16666666666666666,86.3232,60.238730723606174,93.83340747330959,0.5329432670535665,0.10795186753919404,0.2262423056540704,0.2515553118642683,74.7456,109.0682062018865,101.67332851221241,0.5555024074511533,0.16104760539929552,0.2492652017534001,0.14388089388089387,80.11199999999998,107.45147631208614,105.66552800450769,135.0,3.0,1.0
WAS,LVA,9,20190620,95,72,1,0,0.6443298969072165,0.14990774907749074,0.2,0.19117647058823528,77.49119999999998,122.59456557647837,92.9137760158573,0.4707112970711297,0.1639702667249672,0.25,0.17391304347826084,78.2208,92.04712812960236,121.45107183766979,0.5251223197665941,0.1353455815400364,0.21562139062139066,0.19626358866209734,75.6672,103.39898057827456,89.73015765187048,0.5548810849320285,0.17669292718676932,0.2836620225013083,0.3005357153765601,82.8288,105.53919268019008,89.89451575097553,170.0,5.5,1.0
WAS,ATL,10,20190623,89,73,1,0,0.5613017154389506,0.0916590284142988,0.28125,0.14864864864864866,75.1488,118.43169817748257,97.14060637029469,0.4828042328042329,0.13698630136986306,0.35,0.14492753623188406,70.65599999999998,103.31748188405798,125.96240942028987,0.5429478643558715,0.1383556070447032,0.1906213906213906,0.19258711807386208,76.31039999999999,105.3497320014391,92.26942516514627,0.4755675545349225,0.152086239758652,0.2883184523809524,0.19223856209150328,74.5152,95.75066979265074,100.76428000741151,-400.0,-8.0,1.0
WAS,CHI,11,20190626,81,74,1,0,0.4863112391930836,0.1072041166380789,0.2058823529411765,0.1153846153846154,82.8288,97.79207232267038,89.3409055787359,0.5010834236186349,0.18714222809335093,0.21875,0.15942028985507245,80.4864,91.94099872773536,100.63812022900764,0.560370828611519,0.13753994174675915,0.2271501068376069,0.19101688586982704,76.07039999999998,110.32187198476028,89.29097517682524,0.5347635511522829,0.12687862375212428,0.19479081955362795,0.20190408252853376,76.25280000000002,105.50891798356984,97.66994296073658,-230.0,-5.5,1.0
WAS,CON,12,20190629,102,59,1,1,0.6963407973784818,0.14077897700610045,0.2,0.328125,77.03039999999999,132.41525423728814,76.59313725490198,0.3747459349593496,0.15099223468507333,0.2708333333333333,0.136986301369863,76.5312,77.09274126108046,133.27897641746108,0.5632989057894691,0.13485983883080718,0.2273386437908497,0.1592569791099203,78.34559999999998,110.69491176681677,86.5339706687314,0.534586255929376,0.15169540584863592,0.2169546850998464,0.1741522366522366,76.75199999999998,103.17637624549532,100.6346228011874,-295.0,-6.5,1.0
WAS,LAS,13,20190707,81,98,0,0,0.5303823991618648,0.1157943492357573,0.1111111111111111,0.25,79.0656,102.44657600777077,123.94770924396956,0.6180625630676084,0.07035647279549719,0.2058823529411765,0.13513513513513514,75.1488,130.40793731902573,107.78615227388865,0.5970709122294331,0.12238746778399225,0.2217830882352941,0.1958336836553748,78.12479999999998,117.80839757847988,88.99710630494747,0.5182581742232821,0.14743367930306372,0.2312900641025641,0.1798031907290739,76.95359999999998,101.631927574928,101.11593710746249,-160.0,-3.0,-1.0
WAS,PHO,14,20190710,68,91,0,1,0.4652435686918446,0.0986679822397632,0.20512820512820512,0.07142857142857142,70.15679999999999,96.92574347746763,129.7094508301405,0.6132075471698113,0.08620689655172413,0.21875,0.06944444444444445,71.232,127.75157232704404,95.46271338724169,0.5685840377930952,0.11385911782355887,0.19956086601307188,0.21053956600831605,78.51839999999999,112.77140018630293,96.75558961197552,0.5170132093492625,0.11462917306835498,0.1899331212370005,0.2139668094562739,72.624,103.44098768269072,95.9089083816213,-900.0,-10.0,-1.0
WAS,LVA,15,20190713,81,85,0,1,0.4931807111544082,0.11812714776632302,0.2857142857142857,0.25,77.8752,104.01257396449705,109.14899737015119,0.5218565815324165,0.16420361247947454,0.34375,0.3,82.9824,102.43135893876291,97.61105969458583,0.5445695011063186,0.11561135627992496,0.18053041729512315,0.19123454670329665,77.27039999999998,107.39491151129921,104.897800726937,0.537772050081623,0.12048396757154778,0.22595287595287605,0.23427439845350284,82.8384,107.28808808692268,92.61167282518407,-235.0,-5.5,-1.0
CON,WAS,1,20190525,84,69,1,1,0.5111976630963972,0.09872751206669593,0.2972972972972973,0.15789473684210525,76.9536,109.15668662674652,89.66442115768463,0.4389312977099237,0.12276785714285715,0.275,0.16666666666666666,75.45599999999997,91.44402035623408,111.323155216285,,,,,,,,,,,,,,,-120.0,-1.0,1.0
CON,IND,2,20190528,88,77,1,1,0.5522088353413654,0.13089005235602094,0.3636363636363637,0.2,76.4928,115.04350736278448,100.66306894243641,0.5250954719039825,0.13045540796963948,0.16666666666666666,0.027777777777777776,76.14719999999998,101.11993612371828,115.56564128424948,,,,,,,,,,,,,,,-550.0,-12.0,-1.0
CON,LAS,3,20190531,70,77,0,0,0.39325842696629215,0.13592233009708735,0.375,0.20512820512820512,81.6,85.78431372549021,94.36274509803923,0.484398590840463,0.11175681716584712,0.21428571428571427,0.2083333333333333,77.2608,99.66244201457918,90.6022200132538,,,,,,,,,,,,,,,115.0,2.0,-1.0
CON,LVA,4,20190602,80,74,1,0,0.4591368227731864,0.09363295880149812,0.25,0.2597402597402597,81.7152,97.90100250626568,90.55842731829573,0.5082417582417582,0.22388059701492533,0.17647058823529413,0.234375,84.288,87.79422930903569,94.91268033409264,,,,,,,,,,,,,,,215.0,5.5,1.0
CON,LAS,5,20190606,89,77,1,1,0.5440097799511002,0.17206477732793524,0.4375,0.2328767123287671,81.408,109.32586477987421,94.58529874213836,0.5401234567901234,0.2275682704811444,0.2258064516129032,0.16666666666666666,81.8688,94.05292370231396,108.71052220137587,0.4789504370443104,0.11479321333032558,0.3214834152334153,0.2056908004276425,79.1904,101.97137755532171,93.81216562911399,,,,,,,,-240.0,-5.0,1.0
CON,ATL,6,20190609,65,59,1,0,0.38038389513108617,0.11406055578598093,0.32653061224489793,0.2297297297297297,77.2224,84.17246809215979,76.40270180672967,0.3954423592493298,0.19438444924406048,0.30952380952380953,0.17647058823529413,76.416,77.20896147403684,85.0607202680067,0.4871534662579861,0.1331275296456354,0.3565340909090909,0.22443629429930795,80.304,102.01367209360365,95.04238502522743,0.45640199372359097,0.15373908911604467,0.2430153740588257,0.2032912850007197,79.8624,89.71753095310848,107.22601941867646,-225.0,-4.0,1.0
CON,WAS,7,20190611,83,75,1,1,0.5822109988776656,0.17385257301808066,0.1935483870967742,0.16666666666666666,77.0688,107.69598073409729,97.31564524165421,0.4916098584163608,0.09492168960607499,0.13513513513513514,0.15492957746478872,76.1088,98.54313824419779,109.05440632357887,0.44419723120541627,0.1289201555031254,0.3472576530612245,0.2318687267317404,80.4864,94.29591227594747,88.97729324130077,0.6002301809520639,0.12245783141327247,0.3422875816993464,0.20488953998815773,76.22399999999998,124.25978105271395,100.63733203219574,-210.0,-4.0,1.0
CON,MIN,8,20190614,85,81,1,0,0.57154384077461,0.15844273426889996,0.21739130434782608,0.18181818181818185,80.0256,106.2160108765195,101.21761036468331,0.5343007915567283,0.10613207547169813,0.20512820512820512,0.22388059701492533,73.72800000000002,109.86328125,115.28862847222223,0.4914353741832596,0.13840271623337375,0.30189474983541803,0.22225334211635567,79.3536,99.77382902809923,89.71551827720451,0.5230149600473143,0.20771213999576235,0.2641618432269933,0.14946200752346628,75.97439999999997,95.08595920302359,99.88404620960699,-245.0,-3.5,1.0
CON,SEA,9,20190616,81,67,1,1,0.5789022298456261,0.1765536723163842,0.3225806451612903,0.12121212121212124,71.96159999999998,112.56003201707578,93.10521166844542,0.5160197165742452,0.18768768768768768,0.2333333333333333,0.2456140350877193,70.00319999999999,95.70991040409582,115.70899616017557,0.5195371286836155,0.1546051601002242,0.29374257592237457,0.20277282263583632,78.9312,101.85258112066269,92.38031403880142,0.5600085437512103,0.17656843849223994,0.27674731182795703,0.21226268285091807,74.33280000000002,105.64186177543102,103.70831252653672,-475.0,-9.5,1.0
CON,ATL,10,20190621,86,76,1,1,0.5767167381974249,0.13863216266173753,0.2,0.25,76.3776,112.59845818669348,99.50561421149656,0.4945340968245705,0.11515430677107324,0.16666666666666666,0.1111111111111111,78.5664,96.73346366894756,109.46155099380907,0.528260241157247,0.15572738384733645,0.26501273721269714,0.17485667485667486,76.5696,102.66112292996307,92.01029227037813,0.4592635475015026,0.1626223274954139,0.2977881493506493,0.22001633986928104,75.6,92.374101003714,101.14128843002615,-1000.0,-12.5,-1.0
CON,CHI,11,20190623,75,93,0,0,0.4615952732644018,0.15586034912718205,0.16666666666666666,0.16666666666666666,85.67039999999999,87.54482294935008,108.5555804571941,0.6086387434554973,0.15486725663716813,0.16129032258064516,0.125,81.98400000000002,113.43676814988292,91.48126463700231,0.5773434519238316,0.16187028556627558,0.23338008415147266,0.1799242424242424,76.35839999999997,109.76762045359652,97.78602037156988,0.5181141772926392,0.12720687875838332,0.2187539531941809,0.19120202773401326,75.1104,103.63058738789809,99.01992690069237,-185.0,-4.5,-1.0
CON,DAL,12,20190626,73,74,0,0,0.5211307824100514,0.13573543928923987,0.17857142857142858,0.15873015873015872,72.9984,100.002191828862,101.37208486761354,0.5264655663062038,0.15609990393852066,0.3448275862068966,0.16923076923076924,70.3488,105.1901382823872,103.7686499272198,0.5471895205205157,0.15737222959355093,0.2266596540439457,0.1799242424242424,78.50879999999998,104.72983100740973,100.59600417545485,0.4479599010571577,0.14741074754156214,0.3686868686868686,0.20842108342108345,74.21759999999998,94.43826726934714,93.14490543810024,-400.0,-8.5,-1.0
CON,WAS,13,20190629,59,102,0,0,0.3747459349593496,0.15099223468507333,0.2708333333333333,0.136986301369863,76.5312,77.09274126108046,133.27897641746108,0.6963407973784818,0.14077897700610045,0.2,0.328125,77.03039999999999,132.41525423728814,76.59313725490198,0.534586255929376,0.15169540584863592,0.2169546850998464,0.1741522366522366,76.75199999999998,103.17637624549532,100.6346228011874,0.5632989057894691,0.13485983883080718,0.2273386437908497,0.1592569791099203,78.34559999999998,110.69491176681677,86.5339706687314,265.0,6.5,-1.0
CON,MIN,14,20190706,71,74,0,1,0.4535002554931017,0.1869547154133777,0.3783783783783784,0.0958904109589041,78.9888,89.88616107600065,93.68416788202885,0.5255681818181818,0.15587529976019185,0.26666666666666666,0.13636363636363635,72.384,102.23253757736515,98.08797524314764,0.4835471822078069,0.1453050464408082,0.2040178571428572,0.17809578169167206,77.89439999999998,94.30955355649652,110.67806398844131,0.5588197894938455,0.15450649830021007,0.2760445174238277,0.25901537698412697,79.10400000000001,107.71088032892573,99.07233137133622,-390.0,-8.0,-1.0
CON,ATL,15,20190710,75,78,0,0,0.4854997410668048,0.15344147303814118,0.3,0.22058823529411764,76.07039999999998,98.59288238263504,102.53659767794045,0.540765391014975,0.2171081198436821,0.35294117647058826,0.3064516129032258,76.9152,101.41038442336495,97.5099850224663,0.4527430615317261,0.15738568462871824,0.2486124517374517,0.13956838443139807,78.54719999999998,88.6314792788233,109.22270240607438,0.43991817457703203,0.15841394926711885,0.2481017406962785,0.16212398002679335,77.13600000000002,86.5080640321257,94.00775001329269,-220.0,-5.5,-1.0
CON,PHO,16,20190712,79,64,1,1,0.4886194952993567,0.14761703922395614,0.42857142857142855,0.09210526315789473,76.6464,103.07072478289913,83.500334001336,0.4686584651435266,0.15994094488188976,0.16666666666666666,0.15873015873015872,72.2688,88.55827134254339,109.31411618845199,0.4587191784823268,0.15678096560645802,0.2819457850707851,0.15304877658826085,76.14719999999997,91.39349413714451,107.71795671126095,0.5118889122977042,0.100381374533255,0.1842757936507936,0.17180411104357546,71.99999999999999,104.52221843806284,96.3777768325984,-160.0,-3.5,1.0
CON,IND,17,20190714,76,63,1,0,0.5355129650507329,0.15483563601715106,0.2285714285714285,0.08955223880597014,72.9216,104.22152009829736,86.39415481832546,0.4421673217293656,0.1642421398404505,0.2424242424242425,0.27419354838709675,74.15039999999998,84.96245468669085,102.49438978076992,0.4505913567046531,0.15975136559013708,0.3444457850707851,0.13639255269519482,77.05919999999995,92.1606273756538,103.2500189946916,0.5251108123582197,0.12575949926298088,0.2572382478632479,0.17903857431126266,77.7984,105.43178944516859,102.32887514156971,-230.0,-5.5,1.0
CHI,MIN,1,20190525,71,89,0,0,0.4634464751958225,0.16375545851528386,0.17142857142857146,0.17142857142857146,82.17599999999999,86.39992211838008,108.30412772585673,0.5421539961013645,0.19592476489028213,0.425,0.3382352941176471,81.6768,108.96607114872278,86.92798934336311,,,,,,,,,,,,,,,155.0,4.0,-1.0
CHI,SEA,2,20190601,83,79,1,1,0.574792243767313,0.2083333333333333,0.17857142857142858,0.057142857142857134,82.75200000000002,100.29969064191799,95.46597061098221,0.4662417374881964,0.13303315595579207,0.2727272727272727,0.13924050632911392,82.29119999999998,96.00054440815056,100.86133146679113,,,,,,,,,,,,,,,-117.0,-1.0,1.0
CHI,WAS,3,20190605,85,103,0,0,0.5730852211434736,0.18648530057042564,0.3870967741935484,0.16176470588235295,75.9936,111.85152433889169,135.53772949300995,0.5752904378909741,0.10943095901313173,0.4444444444444444,0.04651162790697674,81.13919999999997,126.9423410632592,104.75824262501972,,,,,,,,,,,,,,,500.0,11.0,-1.0
CHI,SEA,4,20190609,78,71,1,1,0.5010277492291879,0.2044153720359771,0.4074074074074074,0.1095890410958904,83.3664,93.562874251497,85.16620604943958,0.4649030906233631,0.1259157509157509,0.15,0.2352941176470588,78.1056,90.90257292690922,99.86479842674534,,,,,,,,0.5252539005488068,0.16145149526348912,0.2591975947239106,0.2018793697384781,76.11840000000002,100.82239708295263,98.12550266933962,-125.0,-1.5,1.0
CHI,PHO,5,20190611,82,75,1,1,0.5420412480169222,0.15618027666220438,0.2571428571428571,0.0821917808219178,77.4144,105.92344576719576,96.8812003968254,0.4947229551451188,0.1463963963963964,0.16666666666666666,0.2388059701492537,79.488,94.3538647342995,103.16022544283413,0.5280879223339492,0.19074736611375487,0.2861260454002389,0.12498129388741801,81.072,98.0285028376717,106.1185084698221,0.5413059322670531,0.15770202626354174,0.2050266732662377,0.17292608459562728,72.66239999999998,103.8454471232802,104.74292471986851,165.0,3.5,1.0
CHI,IND,6,20190615,70,64,1,0,0.4557291666666667,0.1152073732718894,0.30952380952380953,0.2647058823529412,70.848,98.80307136404696,90.3342366757001,0.38424591738712777,0.1072041166380789,0.2888888888888889,0.1153846153846154,77.0688,83.04268393954493,90.82793555887727,0.5477366155392241,0.1888535706504851,0.3075546168288104,0.10267209623575456,79.8816,102.90938374987562,103.26277663756427,0.5480591307273666,0.14719149509989046,0.314828538215635,0.20365883095662515,73.43039999999998,110.39380444619152,106.77794272985338,145.0,5.0,1.0
CHI,NYL,7,20190619,91,83,1,0,0.600263852242744,0.11655011655011654,0.16129032258064516,0.2388059701492537,77.568,117.3164191419142,107.00288778877888,0.4834575955265611,0.09489666807254322,0.14634146341463414,0.1111111111111111,85.2864,97.31915053279305,106.69930962029116,0.5179708462640625,0.16557208063512413,0.3402927120669056,0.15456285253827556,76.9056,102.53522893040785,101.97984315374374,0.5100713041991364,0.1366551078872147,0.1933340394197988,0.2423364217481865,81.99359999999999,99.65650225566084,103.09887455799871,120.0,2.5,1.0
CHI,IND,8,20190621,69,76,0,1,0.4744224422442244,0.12088974854932302,0.14705882352941174,0.1791044776119403,74.6112,92.47941327843542,101.86138274146508,0.562130177514793,0.1815980629539952,0.25925925925925924,0.2295081967213115,72.57600000000002,104.71781305114641,95.07275132275132,0.5247655040388801,0.14808828463004686,0.28384109916367983,0.17382316860500074,77.2992,103.90145263116348,94.84613272768598,0.4914639468937534,0.13593334049037634,0.3519212394212395,0.1419616841491842,72.5088,103.90411965371445,108.51375767804278,-200.0,-4.5,-1.0
CHI,CON,9,20190623,93,75,1,1,0.6086387434554973,0.15486725663716813,0.16129032258064516,0.125,81.98400000000002,113.43676814988292,91.48126463700231,0.4615952732644018,0.15586034912718205,0.16666666666666666,0.16666666666666666,85.67039999999999,87.54482294935008,108.5555804571941,0.5181141772926392,0.12720687875838332,0.2187539531941809,0.19120202773401326,75.1104,103.63058738789809,99.01992690069237,0.5773434519238316,0.16187028556627558,0.23338008415147266,0.1799242424242424,76.35839999999997,109.76762045359652,97.78602037156988,160.0,4.5,1.0
CHI,WAS,10,20190626,74,81,0,1,0.5010834236186349,0.18714222809335093,0.21875,0.15942028985507245,80.4864,91.94099872773536,100.63812022900764,0.4863112391930836,0.1072041166380789,0.2058823529411765,0.1153846153846154,82.8288,97.79207232267038,89.3409055787359,0.5347635511522829,0.12687862375212428,0.19479081955362795,0.20190408252853376,76.25280000000002,105.50891798356984,97.66994296073658,0.560370828611519,0.13753994174675915,0.2271501068376069,0.19101688586982704,76.07039999999998,110.32187198476028,89.29097517682524,190.0,5.5,-1.0
CHI,SEA,11,20190628,76,79,0,0,0.5340078695896572,0.17409470752089135,0.32142857142857145,0.13846153846153847,74.0736,102.60065664420252,106.6506825643684,0.4671239356669821,0.08643042350907519,0.3488372093023256,0.2702702702702703,74.4576,106.10065325769295,102.07151452638814,0.5461021153902751,0.14486233745748964,0.17209736717267554,0.1755826844040666,78.6624,103.79339982449196,100.2459138490635,0.4780923119831899,0.16401228636479284,0.2339962121212122,0.16262817893164194,74.10240000000002,92.47807165401116,89.8169579152377,155.0,4.0,1.0
CHI,LAS,12,20190630,69,94,0,0,0.44390118373649,0.15263846489315308,0.2571428571428571,0.1527777777777778,79.4112,86.88950676982594,118.37121212121212,0.6056701030927836,0.15283842794759828,0.3125,0.19718309859154928,78.336,119.99591503267976,88.08210784313725,0.5295381197270033,0.15924848520018334,0.2121319293846571,0.15049657648213774,77.78880000000002,100.11445920006405,100.15786254296083,0.4547735488829867,0.1742761139494708,0.2189545377867746,0.17217408274785326,78.95039999999997,86.69263149765959,102.55376201500557,290.0,7.5,-1.0
CHI,LVA,13,20190702,82,90,0,0,0.5446333687566418,0.18422193324664066,0.18181818181818185,0.15714285714285714,82.8288,98.99938185751816,108.65785813630043,0.5971337579617835,0.1566696508504924,0.06666666666666668,0.19402985074626866,83.8656,107.31456043956044,97.77548840048841,0.5219078051000696,0.1671856642861409,0.23965293778801844,0.14391490152359715,78.98880000000003,98.71698257291168,104.28531988789759,0.5086328721181358,0.1578115288936472,0.2103232332416522,0.19618506493506485,82.72319999999998,97.73682483500934,92.8349628246547,360.0,10.0,1.0
CHI,DAL,14,20190707,78,66,1,1,0.5568246716162193,0.18596001859600186,0.09375,0.2222222222222222,79.7184,97.84441233140656,82.79142581888246,0.4308093994778068,0.1545253863134658,0.24390243902439024,0.18571428571428567,77.37599999999998,85.29776674937965,100.80645161290323,0.5059064614253558,0.17452433343850898,0.24478490259740265,0.15195061580931146,79.2,95.10763599982047,108.57946826272213,0.4982558448226822,0.1421857158778886,0.2703478043768424,0.20476518389466128,72.0672,99.11829798956957,105.38678451476751,-275.0,-6.5,1.0
CHI,MIN,15,20190710,72,73,0,1,0.4573170731707317,0.13227513227513227,0.21052631578947367,0.136986301369863,79.4112,90.66731141199229,91.92657962604773,0.4336977186311787,0.08680555555555555,0.3023255813953488,0.15384615384615385,75.9936,96.06072090281286,94.74482061647295,0.5198417734247519,0.17422878106417175,0.2135349025974026,0.16765109890109886,79.00800000000002,96.58348940073827,104.11779466019085,0.5412481043784427,0.14409902386395868,0.2408593322386425,0.21107503607503608,76.75200000000002,105.14890517710111,98.22509591764738,135.0,-1.0,-1.0
CHI,NYL,16,20190712,99,83,1,1,0.6144488579940417,0.12964563526361278,0.16129032258064516,0.2571428571428571,84.0576,117.77638190954777,98.7418151362875,0.5123456790123457,0.15625,0.25,0.3142857142857143,82.56,100.5329457364341,119.91279069767441,0.5006690743200206,0.16377388725273195,0.1858093386876281,0.16728228962817998,80.34240000000001,93.60015309268572,100.43676892561064,0.4967052011352333,0.16826586968906082,0.2617997593804046,0.14633223022690264,78.10559999999998,95.07871837457466,98.15097075927687,-190.0,-4.5,1.0
CHI,DAL,17,20190714,89,79,1,0,0.6313847900113507,0.1242544731610338,0.14285714285714285,0.2222222222222222,73.4208,121.21905509065552,107.59893654114369,0.4817073170731707,0.07865168539325842,0.2619047619047619,0.29577464788732394,74.88,105.50213675213676,118.85683760683762,0.5433059928844085,0.15802567984534688,0.16184620504707514,0.1933735594694498,81.50399999999998,101.32187187761616,95.52941967937952,0.5029326336397276,0.16752644665785088,0.2540973028777906,0.14590907311321302,72.1632,96.06385145038848,107.8049403316822,103.0,1.5,1.0
CHI,ATL,18,20190717,77,76,1,1,0.5033995815899581,0.181857081728712,0.225,0.18840579710144928,81.1008,94.94357638888887,93.71054292929293,0.4343850022862368,0.0837871805613741,0.19047619047619047,0.2,83.9808,90.49687547629934,91.68762383782959,0.5649938481980857,0.14303381482394514,0.15210594530681545,0.20964340073929108,79.152,106.87679018590048,95.2646892805903,0.4349038546882577,0.14918403527977253,0.3331332533013205,0.2172819173103135,75.51360000000003,89.93495799309704,88.69264540240923,,,0.0
NYL,IND,1,20190524,80,81,0,1,0.4992511233150274,0.16645859342488556,0.325,0.2714285714285714,79.79520000000002,100.25665704202757,101.50986525505293,0.4980324643384162,0.09964570416297608,0.2894736842105263,0.2898550724637681,76.14719999999998,106.37291981845692,105.05967389477226,,,,,,,,,,,,,,,-135.0,-2.5,-1.0
NYL,IND,2,20190601,77,92,0,0,0.4476744186046512,0.1568627450980392,0.4146341463414634,0.24,81.6,94.36274509803923,112.74509803921568,0.6159614354579539,0.16726137377341654,0.2413793103448276,0.26153846153846155,79.3728,115.90872439929043,97.01056281244959,,,,,,,,,,,,,,,140.0,4.0,-1.0
NYL,LAS,3,20190604,73,78,0,1,0.4807692307692308,0.17406440382941687,0.25,0.2058823529411765,79.6032,91.70485608618748,97.98601061263868,0.4493087557603687,0.12145748987854252,0.2954545454545455,0.20512820512820512,82.368,94.6969696969697,88.62665112665114,,,,,,,,,,,,,,,255.0,6.5,1.0
NYL,WAS,4,20190607,85,94,0,1,0.5530973451327433,0.18115942028985507,0.3333333333333333,0.1388888888888889,80.4864,105.60790394402036,116.78991730279898,0.5925365607665154,0.08109360518999073,0.2647058823529412,0.4029850746268657,74.2272,126.63821348508364,114.51327815140543,,,,,,,,,,,,,,,350.0,9.0,0.0
NYL,LVA,5,20190609,88,78,1,1,0.4875886524822695,0.09068923821039904,0.3076923076923077,0.2222222222222222,83.7504,105.0741250191044,93.1338835396607,0.4354622599374721,0.11815675462780625,0.30612244897959184,0.2278481012658228,83.0976,93.86552680221813,105.89956869993836,0.4951980294554131,0.1696362906605492,0.3307418699186992,0.2140499533146592,80.3712,97.98304054256866,107.25772280242657,0.5171217286568761,0.17635565017188987,0.2683877874875006,0.19168407716927446,83.7888,99.40910361782677,91.33323217201988,475.0,9.0,1.0
NYL,MIN,6,20190612,75,69,1,1,0.5302601809954751,0.1937984496124031,0.2258064516129032,0.15384615384615385,77.49119999999998,96.78518334985137,89.04236868186324,0.4815745393634841,0.2266839378238342,0.21052631578947367,0.05797101449275361,81.2544,84.91847826086956,92.30269376181472,0.4922824117472237,0.15069395185692755,0.3264149468417761,0.2017483660130719,81.36,99.18740753683788,105.16372737357851,0.5233442832638383,0.19624911214016547,0.2921754255699474,0.18496925390027788,74.49600000000002,97.08412591031723,99.04068248712818,140.0,3.5,1.0
NYL,LVA,7,20190614,65,100,0,0,0.4207664422578975,0.16261925411968778,0.07317073170731707,0.2647058823529412,85.67039999999999,75.87217988943674,116.72643059913344,0.6507027589796981,0.19824707846410689,0.3076923076923077,0.4754098360655738,84.3264,118.58682452944748,77.08143594414085,0.5129288523449297,0.15992787798551852,0.2792080231596361,0.1802099044746104,80.33279999999998,99.7930170997909,99.2380450342404,0.5020030680198293,0.16576642791391366,0.27784522900069125,0.19121367005329776,83.28,98.50180091002164,97.2520049664602,515.0,13.5,-1.0
NYL,LAS,8,20190615,98,92,1,0,0.6016699410609038,0.09951348960636887,0.16666666666666666,0.32857142857142857,81.0624,120.89452076425077,113.49281541133743,0.5282498851630685,0.13850415512465375,0.2926829268292683,0.07142857142857142,85.51679999999998,107.58120041909895,114.5973656638228,0.4979281552170963,0.15706659055808625,0.2350007060864654,0.1949157868275516,81.84959999999998,95.8348480506032,103.9231500308641,0.5357671251004784,0.15678593908776772,0.24995810640971936,0.17730580230580228,79.32479999999998,104.23041863155385,99.1728493702148,775.0,14.0,1.0
NYL,CHI,9,20190619,83,91,0,1,0.4834575955265611,0.09489666807254322,0.14634146341463414,0.1111111111111111,85.2864,97.31915053279305,106.69930962029116,0.600263852242744,0.11655011655011654,0.16129032258064516,0.2388059701492537,77.568,117.3164191419142,107.00288778877888,0.5100713041991364,0.1366551078872147,0.1933340394197988,0.2423364217481865,81.99359999999999,99.65650225566084,103.09887455799871,0.5179708462640625,0.16557208063512413,0.3402927120669056,0.15456285253827556,76.9056,102.53522893040785,101.97984315374374,-140.0,-2.5,-1.0
NYL,MIN,10,20190622,83,92,0,0,0.5384016606123508,0.17189514396218308,0.29411764705882354,0.06756756756756757,79.7568,104.06636173968866,115.35066602471514,0.5958549222797928,0.1975051975051975,0.4074074074074074,0.328125,81.792,112.48043818466354,101.47691705790295,0.5090385399602092,0.13770696535275073,0.15299632835038038,0.21455864397040872,82.37759999999999,97.717758634083,106.49023107815634,0.5189116330827879,0.17650891825490422,0.2332856493073211,0.17817800384267918,79.0272,98.29744423157274,104.30452069801984,250.0,7.0,-1.0
NYL,DAL,11,20190628,69,68,1,1,0.4427618069815195,0.0931098696461825,0.2682926829268293,0.15714285714285714,71.9232,95.93566470902296,94.54529275671827,0.4538174052322477,0.12802607076350092,0.2894736842105263,0.2388059701492537,71.9232,94.54529275671827,95.93566470902296,0.5110739098644281,0.13223113894019572,0.17007412721186044,0.1929889974007621,82.94399999999997,99.53805323154232,113.0673054138693,0.4578230458804618,0.1490450194304721,0.3639846743295018,0.1901227151227151,73.82399999999998,95.70910669845965,92.67000082611628,-165.0,-3.5,-1.0
NYL,ATL,12,20190630,74,58,1,0,0.4795230689476413,0.15357612988152694,0.30303030303030304,0.15492957746478872,77.91359999999997,94.97700016428455,74.44143256119601,0.3785900783289817,0.16375545851528386,0.175,0.17142857142857146,81.21600000000002,71.414499605989,91.11505122143421,0.5165727510453336,0.1148537928218194,0.2188546150167385,0.16609824109824112,79.5072,104.55392443643886,107.52202095326551,0.4974080229236483,0.13773670279010264,0.2984375,0.18435279909065075,73.07519999999998,102.27779989515602,110.98970229548232,135.0,2.5,1.0
NYL,SEA,13,20190703,84,83,1,0,0.5620985010706638,0.1763668430335097,0.2903225806451613,0.11594202898550725,78.4512,107.0729319627998,105.79825420133793,0.5266497461928934,0.15991471215351813,0.32432432432432434,0.21428571428571427,78.52799999999998,105.69478402607989,106.96821515892422,0.4860360330170179,0.12836945289060894,0.2529455241076476,0.12268777832158115,78.72,98.07454428644728,97.75917524073016,0.44864680281889774,0.13912120529663458,0.2383623771918917,0.1561548750899171,74.31360000000002,90.47734311115696,89.99066594021473,275.0,7.5,1.0
NYL,PHO,14,20190705,80,76,1,0,0.5711022272986864,0.1462701121404193,0.15384615384615385,0.20634920634920634,74.9184,106.78284640355372,101.44370408337605,0.5211190345584201,0.120598166907863,0.1388888888888889,0.26153846153846155,74.8032,101.59993155373031,106.94729637234772,0.5056962594030437,0.14873699663085055,0.2889408034152794,0.1238955077901802,77.01119999999997,100.512989643949,97.53391138599186,0.5160363741448886,0.12957756048947933,0.1683061371100164,0.22107003662120586,73.5264,100.63764860524641,94.1739740268942,325.0,8.5,1.0
NYL,LVA,15,20190707,58,90,0,1,0.37409700722394224,0.1968503937007874,0.3,0.10810810810810813,81.13919999999997,71.48209496766053,110.92049219119735,0.5349500713266762,0.1062473438164046,0.3333333333333333,0.2297297297297297,80.7552,111.44793152639086,71.82200031700745,0.5138714010746276,0.1423307386754096,0.2538729301121119,0.1585909174855899,75.8016,101.19211080991526,94.0571709006571,0.5052174479722179,0.1580101166662223,0.1925071412876292,0.21060161853072293,84.63359999999999,96.35912573415216,94.97614810697664,170.0,5.0,-1.0
NYL,CHI,16,20190712,83,99,0,0,0.5123456790123457,0.15625,0.25,0.3142857142857143,82.56,100.5329457364341,119.91279069767441,0.6144488579940417,0.12964563526361278,0.16129032258064516,0.2571428571428571,84.0576,117.77638190954777,98.7418151362875,0.4967052011352333,0.16826586968906082,0.2617997593804046,0.14633223022690264,78.10559999999998,95.07871837457466,98.15097075927687,0.5006690743200206,0.16377388725273195,0.1858093386876281,0.16728228962817998,80.34240000000001,93.60015309268572,100.43676892561064,165.0,4.5,-1.0
NYL,SEA,17,20190714,69,78,0,0,0.5040911747516073,0.21729185727355896,0.25806451612903225,0.4035087719298245,76.2624,90.47708962739176,102.27844914400805,0.5296034763715372,0.17849174475680502,0.3548387096774194,0.07042253521126761,75.4944,103.31892166836217,91.397507629705,0.5049108536514094,0.16893433721867904,0.2485421836228289,0.18617126443213405,79.26719999999997,96.46770476761203,109.5188102933965,0.5380631976772283,0.17079037276507714,0.27440753446945404,0.17073437315372805,74.8416,103.92434076353037,103.80310961978714,180.0,5.0,-1.0
IND,NYL,1,20190524,81,80,1,0,0.4980324643384162,0.09964570416297608,0.2894736842105263,0.2898550724637681,76.14719999999998,106.37291981845692,105.05967389477226,0.4992511233150274,0.16645859342488556,0.325,0.2714285714285714,79.79520000000002,100.25665704202757,101.50986525505293,,,,,,,,,,,,,,,115.0,2.5,1.0
IND,CON,2,20190528,77,88,0,0,0.5250954719039825,0.13045540796963948,0.16666666666666666,0.027777777777777776,76.14719999999998,101.11993612371828,115.56564128424948,0.5522088353413654,0.13089005235602094,0.3636363636363637,0.2,76.4928,115.04350736278448,100.66306894243641,,,,,,,,,,,,,,,425.0,12.0,1.0
IND,NYL,3,20190601,92,77,1,1,0.6159614354579539,0.16726137377341654,0.2413793103448276,0.26153846153846155,79.3728,115.90872439929043,97.01056281244959,0.4476744186046512,0.1568627450980392,0.4146341463414634,0.24,81.6,94.36274509803923,112.74509803921568,,,,,,,,,,,,,,,-160.0,-4.0,1.0
IND,DAL,4,20190607,79,64,1,1,0.5113930605903677,0.11462631820265935,0.3333333333333333,0.29411764705882354,74.15039999999998,106.54022095632662,86.31106507854307,0.4147226542249871,0.11473152822395595,0.2926829268292683,0.18309859154929573,72.1536,88.6996629412808,109.48864644314352,,,,,,,,,,,,,,,-190.0,-4.5,1.0
IND,PHO,5,20190609,87,94,0,1,0.5565506653019447,0.123373710183939,0.1935483870967742,0.18055555555555555,79.83359999999998,108.97667147667148,117.74490941157607,0.5616634799235182,0.06690454950936663,0.2631578947368421,0.2297297297297297,76.4928,122.8873828647925,113.73619477911646,0.5376206080726801,0.12799720102717285,0.2577132486388385,0.21832223970970774,76.45439999999998,107.48545032444807,100.98673576750359,,,,,,,,103.0,2.5,-1.0
IND,SEA,6,20190611,82,84,0,1,0.5860491709548313,0.15670202507232406,0.3,0.12121212121212124,71.0016,115.49035514692629,118.30719307733914,0.5451713395638629,0.12494320763289413,0.30303030303030304,0.21428571428571427,74.9184,112.1219887237314,109.45241756364256,0.5522501583135622,0.13392920253241358,0.2337319243604005,0.19099736048265464,77.37599999999998,108.13638823900172,104.15804464670455,0.5358117131159558,0.15476697597035075,0.2426435406698565,0.2190362324835762,77.1264,102.96040855383669,98.79154675503064,-150.0,-2.0,-1.0
IND,DAL,7,20190613,76,72,1,0,0.538243626062323,0.1940639269406393,0.4324324324324325,0.21875,68.73599999999999,110.56797020484173,104.74860335195532,0.4870129870129871,0.1495628163828808,0.3636363636363637,0.2424242424242425,71.9232,100.106780565937,105.66826837515572,0.5674885830762744,0.14049085680808476,0.2670652576937338,0.2143559463412405,76.08959999999998,111.72899299480372,104.84343259497696,0.4442743082549657,0.14885212962547434,0.3301175958188153,0.12638804817285534,72.3744,91.49591560259891,107.87705130515849,100.0,1.0,1.0
IND,CHI,8,20190615,64,70,0,1,0.38424591738712777,0.1072041166380789,0.2888888888888889,0.1153846153846154,77.0688,83.04268393954493,90.82793555887727,0.4557291666666667,0.1152073732718894,0.30952380952380953,0.2647058823529412,70.848,98.80307136404696,90.3342366757001,0.5480591307273666,0.14719149509989046,0.314828538215635,0.20365883095662515,73.43039999999998,110.39380444619152,106.77794272985338,0.5477366155392241,0.1888535706504851,0.3075546168288104,0.10267209623575456,79.8816,102.90938374987562,103.26277663756427,-165.0,-5.0,-1.0
IND,ATL,9,20190619,78,88,0,0,0.4573170731707317,0.08576329331046313,0.3863636363636364,0.1125,73.22879999999998,106.51546932354485,120.17129872399931,0.5632360471070148,0.07132667617689015,0.34375,0.2647058823529412,70.1952,125.36469730123993,111.11870897155364,0.5162723449265566,0.14533594470874533,0.30371742710452393,0.15897557303807308,74.16,104.51942019199608,107.90716034993693,0.4379117222690915,0.18031754957493426,0.29079801777170194,0.1890511368866796,77.12639999999998,85.60671882737229,104.81606513781712,105.0,1.5,-1.0
IND,CHI,10,20190621,76,69,1,0,0.562130177514793,0.1815980629539952,0.25925925925925924,0.2295081967213115,72.57600000000002,104.71781305114641,95.07275132275132,0.4744224422442244,0.12088974854932302,0.14705882352941174,0.1791044776119403,74.6112,92.47941327843542,101.86138274146508,0.4914639468937534,0.13593334049037634,0.3519212394212395,0.1419616841491842,72.5088,103.90411965371445,108.51375767804278,0.5247655040388801,0.14808828463004686,0.28384109916367983,0.17382316860500074,77.2992,103.90145263116348,94.84613272768598,170.0,4.5,1.0
IND,SEA,11,20190623,61,65,0,0,0.4320113314447592,0.21205357142857145,0.3,0.203125,77.37599999999998,78.83581472291152,84.00537634408603,0.4799173065564088,0.15052684395383845,0.1875,0.1935483870967742,70.7712,91.84527039247604,86.19325375293907,0.4854841985337438,0.14215734996079415,0.3417360542360543,0.16903570302648174,72.9024,101.21098412976946,102.70514723939579,0.5394381313298161,0.1669455967274542,0.2900048875855328,0.19037176274018386,73.19040000000003,105.40712704150656,101.26094021242474,185.0,6.0,1.0
IND,MIN,12,20190625,74,78,0,1,0.458374628344896,0.1739664347114204,0.28205128205128205,0.14666666666666667,83.2512,88.88760762607626,93.69234317343174,0.5705090696313634,0.1991565135895033,0.17857142857142858,0.2833333333333333,77.1456,101.10751617720258,95.92251534760244,0.4589261248793529,0.1466547610827772,0.3086279461279462,0.16512945302648174,75.0624,93.27794525928692,97.5193404874285,0.5324215135762445,0.17308956195944172,0.2395492658650553,0.1855823881710374,78.7296,100.80971404304786,102.86083541676058,-102.0,2.5,-1.0
IND,PHO,13,20190628,69,91,0,0,0.4563492063492064,0.12702078521939955,0.2777777777777778,0.15942028985507245,73.53599999999999,93.83159268929505,123.74891209747612,0.6337047353760445,0.1431980906921241,0.2413793103448276,0.2380952380952381,73.72800000000002,123.42664930555556,93.58723958333334,0.47745830261879496,0.16334534060111255,0.30691854441854444,0.17294996584699454,76.60799999999998,94.73917618091974,98.23544239106708,0.470799632813165,0.14457386136950676,0.21171679197994986,0.23329837322948105,75.3888,92.48010373690195,102.14312907969801,210.0,6.0,-1.0
IND,LVA,14,20190629,97,102,0,0,0.5217297762478486,0.060630557801131774,0.15555555555555556,0.06741573033707865,88.2816,109.8756705814122,115.53936494127882,0.5599472990777339,0.09893153937475267,0.32432432432432434,0.3376623376623377,85.51679999999998,119.27480916030537,113.42800478970214,0.4772163359134137,0.17365971357834664,0.2797720797720798,0.18468003831076268,76.6848,91.5682070223573,99.1298457344363,0.4863238716164847,0.17407121073120085,0.1917421521605711,0.15524774138904562,80.8992,90.9299045773336,94.84072958664659,725.0,11.0,1.0
IND,DAL,15,20190705,76,56,1,0,0.5641330166270784,0.12926577042399173,0.2692307692307692,0.2542372881355932,67.5456,112.51658139094185,82.90695470911504,0.37919826652221017,0.10864316755190727,0.2619047619047619,0.11594202898550725,68.96640000000001,81.19896065330363,110.19858945805493,0.4671162355966776,0.1434178372901308,0.2538461538461539,0.14415692171470446,80.6112,92.85767140492372,104.2464991390682,0.5025238772597287,0.1434340148990027,0.2882049472339853,0.2342212350898429,74.21759999999998,100.73481195165618,105.55475266180497,145.0,3.5,1.0
IND,LVA,16,20190710,71,74,0,1,0.4622395833333334,0.1048951048951049,0.16666666666666666,0.22058823529411764,76.60799999999998,92.67961570593151,96.59565580618214,0.4590570719602978,0.12008733624454147,0.1794871794871795,0.17567567567567569,81.21600000000002,91.11505122143421,87.42119779353823,0.5001466568922573,0.12272088703898586,0.2461538461538461,0.15693499374860276,78.1536,101.2778630719313,103.97189373032543,0.5427023990687742,0.13979740563338708,0.2420566908371788,0.22160547953458395,83.24159999999998,106.84455167624807,96.71352837602684,165.0,6.5,1.0
IND,LAS,17,20190712,84,90,0,1,0.5523408732246186,0.2082465639316951,0.4375,0.17391304347826084,78.75840000000002,106.65529010238907,114.27352510970259,0.5264389330837622,0.1231021748050882,0.3714285714285713,0.19230769230769232,81.1008,110.97301136363636,103.5748106060606,0.5011128956393667,0.10545305458490696,0.21730769230769234,0.17541538590546552,76.4928,102.22586509189512,104.69772188851307,0.5422899932880759,0.14762626350188904,0.29143769349845194,0.15087298566171806,78.13439999999999,108.84556040215895,95.64661607318442,135.0,3.0,-1.0
IND,CON,18,20190714,63,76,0,1,0.4421673217293656,0.1642421398404505,0.2424242424242425,0.27419354838709675,74.15039999999998,84.96245468669085,102.49438978076992,0.5355129650507329,0.15483563601715106,0.2285714285714285,0.08955223880597014,72.9216,104.22152009829736,86.39415481832546,0.5251108123582197,0.12575949926298088,0.2572382478632479,0.17903857431126266,77.7984,105.43178944516859,102.32887514156971,0.4505913567046531,0.15975136559013708,0.3444457850707851,0.13639255269519482,77.05919999999995,92.1606273756538,103.2500189946916,190.0,5.5,-1.0
SEA,PHO,1,20190525,77,68,1,1,0.4992219917012448,0.1718213058419244,0.3611111111111111,0.22388059701492533,76.9152,100.11025128973208,88.40905308703611,0.5269683818970862,0.2085377821393523,0.206896551724138,0.13114754098360654,72.49919999999999,93.79413841807913,106.20806850282487,,,,,,,,,,,,,,,135.0,2.0,1.0
SEA,MIN,2,20190529,61,72,0,0,0.4226718403547672,0.15265382808830438,0.21621621621621626,0.16666666666666666,74.0736,82.35052704337308,97.20062208398134,0.5325443786982249,0.2193995381062356,0.44,0.19672131147540986,72.57600000000002,99.20634920634922,84.04982363315699,,,,,,,,,,,,,,,112.0,2.0,-1.0
SEA,ATL,3,20190531,82,66,1,0,0.5240286298568507,0.11332728921124208,0.18421052631578946,0.2608695652173913,77.9904,105.14114557689152,84.62580009847365,0.41687721071248107,0.150279089738085,0.20930232558139536,0.1643835616438356,80.7936,81.68963878326997,101.49318757921421,,,,,,,,,,,,,,,245.0,6.0,1.0
SEA,CHI,4,20190601,79,83,0,0,0.4662417374881964,0.13303315595579207,0.2727272727272727,0.13924050632911392,82.29119999999998,96.00054440815056,100.86133146679113,0.574792243767313,0.2083333333333333,0.17857142857142858,0.057142857142857134,82.75200000000002,100.29969064191799,95.46597061098221,,,,,,,,,,,,,,,-103.0,1.0,-1.0
SEA,MIN,5,20190604,84,77,1,1,0.6880733944954128,0.246791707798618,0.3636363636363637,0.2407407407407408,70.11840000000001,119.79737130339537,109.81425702811244,0.6138392857142857,0.18248175182481752,0.13043478260869565,0.19298245614035087,70.7712,108.801320311087,118.69234943027674,0.4780410498502648,0.14270889477431573,0.2585662815925974,0.19766433380702428,77.8176,95.9006170795368,92.77420168407056,,,,,,,,-110.0,0.0,1.0
SEA,CHI,6,20190609,71,78,0,0,0.4649030906233631,0.1259157509157509,0.15,0.2352941176470588,78.1056,90.90257292690922,99.86479842674534,0.5010277492291879,0.2044153720359771,0.4074074074074074,0.1095890410958904,83.3664,93.562874251497,85.16620604943958,0.5252539005488068,0.16145149526348912,0.2591975947239106,0.2018793697384781,76.11840000000002,100.82239708295263,98.12550266933962,,,,,,,,105.0,1.5,-1.0
SEA,IND,7,20190611,84,82,1,0,0.5451713395638629,0.12494320763289413,0.30303030303030304,0.21428571428571427,74.9184,112.1219887237314,109.45241756364256,0.5860491709548313,0.15670202507232406,0.3,0.12121212121212124,71.0016,115.49035514692629,118.30719307733914,0.5358117131159558,0.15476697597035075,0.2426435406698565,0.2190362324835762,77.1264,102.96040855383669,98.79154675503064,0.5522501583135622,0.13392920253241358,0.2337319243604005,0.19099736048265464,77.37599999999998,108.13638823900172,104.15804464670455,130.0,2.0,1.0
SEA,WAS,8,20190614,74,71,1,0,0.5418863503222027,0.2086230876216968,0.2903225806451613,0.15873015873015872,74.1888,99.74551414768808,95.70177708764663,0.4745989304812834,0.1179245283018868,0.20512820512820512,0.2424242424242425,73.72800000000002,96.29991319444444,100.36892361111113,0.5410973905427088,0.15767095557576374,0.2723484848484849,0.2073902697506569,76.35840000000002,104.70561934054666,104.99820112132284,0.5581161439059892,0.10582847521700524,0.28607136548313017,0.20257715823495195,76.59839999999998,116.72881316909019,102.7706582656895,360.0,9.0,1.0
SEA,CON,9,20190616,67,81,0,0,0.5160197165742452,0.18768768768768768,0.2333333333333333,0.2456140350877193,70.00319999999999,95.70991040409582,115.70899616017557,0.5789022298456261,0.1765536723163842,0.3225806451612903,0.12121212121212124,71.96159999999998,112.56003201707578,93.10521166844542,0.5600085437512103,0.17656843849223994,0.27674731182795703,0.21226268285091807,74.33280000000002,105.64186177543102,103.70831252653672,0.5195371286836155,0.1546051601002242,0.29374257592237457,0.20277282263583632,78.9312,101.85258112066269,92.38031403880142,380.0,9.5,-1.0
SEA,LAS,10,20190621,84,62,1,1,0.554675118858954,0.14652840396753833,0.3333333333333333,0.14285714285714285,73.6512,114.05109489051094,84.18057003823426,0.4677127338563669,0.17438963627304435,0.15625,0.16393442622950818,72.2688,85.7908253630889,116.23273113708821,0.5169951242709184,0.16179243346450736,0.24417155425219944,0.2134810064376628,74.30400000000002,99.61999655060616,105.1819973095525,0.5084044436865229,0.16920757941231607,0.25860306253438475,0.14388089388089387,81.22559999999999,98.9979280674092,101.94624932249116,110.0,2.0,1.0
SEA,IND,11,20190623,65,61,1,1,0.4799173065564088,0.15052684395383845,0.1875,0.1935483870967742,70.7712,91.84527039247604,86.19325375293907,0.4320113314447592,0.21205357142857145,0.3,0.203125,77.37599999999998,78.83581472291152,84.00537634408603,0.5394381313298161,0.1669455967274542,0.2900048875855328,0.19037176274018386,73.19040000000003,105.40712704150656,101.26094021242474,0.4854841985337438,0.14215734996079415,0.3417360542360543,0.16903570302648174,72.9024,101.21098412976946,102.70514723939579,-225.0,-6.0,-1.0
SEA,LVA,12,20190625,56,60,0,0,0.3617571059431524,0.17130620985010706,0.18181818181818185,0.0684931506849315,81.98400000000002,68.30601092896174,73.18501170960188,0.38501026694045176,0.17909818794774546,0.13513513513513514,0.18571428571428567,86.3232,69.5062277580071,64.87247924080664,0.5231246230779525,0.17334150580769028,0.26112231182795703,0.1851874309429488,72.15360000000003,100.33794745869272,95.44614925974888,0.574135899093766,0.1755636768910918,0.22078083554376668,0.2981165442311049,79.104,106.62315246617901,96.08424353575528,275.0,8.0,1.0
SEA,CHI,13,20190628,79,76,1,1,0.4671239356669821,0.08643042350907519,0.3488372093023256,0.2702702702702703,74.4576,106.10065325769295,102.07151452638814,0.5340078695896572,0.17409470752089135,0.32142857142857145,0.13846153846153847,74.0736,102.60065664420252,106.6506825643684,0.4780923119831899,0.16401228636479284,0.2339962121212122,0.16262817893164194,74.10240000000002,92.47807165401116,89.8169579152377,0.5461021153902751,0.14486233745748964,0.17209736717267554,0.1755826844040666,78.6624,103.79339982449196,100.2459138490635,-175.0,-4.0,-1.0
SEA,PHO,14,20190630,67,69,0,1,0.4857888631090488,0.1482213438735178,0.2352941176470588,0.09230769230769233,70.04159999999999,95.65743786549707,98.51288377192984,0.4794330183435242,0.07696254489481788,0.09375,0.1323529411764706,71.96159999999998,95.88447171824974,93.10521166844542,0.4658683667563741,0.1386979703201397,0.2628721811134602,0.16879223772727972,75.21600000000002,95.07575736741043,86.40758750679085,0.5055450778708963,0.1437742849434387,0.2303949528994901,0.2331206902159771,73.9488,99.74829987971596,99.7498826148228,125.0,2.5,1.0
SEA,NYL,15,20190703,83,84,0,1,0.5266497461928934,0.15991471215351813,0.32432432432432434,0.21428571428571427,78.52799999999998,105.69478402607989,106.96821515892422,0.5620985010706638,0.1763668430335097,0.2903225806451613,0.11594202898550725,78.4512,107.0729319627998,105.79825420133793,0.44864680281889774,0.13912120529663458,0.2383623771918917,0.1561548750899171,74.31360000000002,90.47734311115696,89.99066594021473,0.4860360330170179,0.12836945289060894,0.2529455241076476,0.12268777832158115,78.72,98.07454428644728,97.75917524073016,-305.0,-7.5,-1.0
SEA,ATL,16,20190705,66,77,0,1,0.4518072289156626,0.20643198609300306,0.3157894736842105,0.16666666666666666,76.83840000000002,85.89455272363817,100.2103115109112,0.5183091007000539,0.16801075268817206,0.3235294117647059,0.15942028985507245,75.1488,102.46337932209164,87.82575370464998,0.4603299127280189,0.1414681723465545,0.2725684582729727,0.16133920688715214,76.25280000000002,93.93972151955792,95.18440629171104,0.4563854169065734,0.14688019515375753,0.2300595238095237,0.13627856939877406,76.66559999999998,90.16904810754879,109.51311143113352,-260.0,-6.5,-1.0
SEA,DAL,17,20190712,95,81,1,1,0.6880069524913093,0.16859344894026973,0.2222222222222222,0.20967741935483872,73.9584,128.4505884389062,109.52102803738319,0.6444939528962444,0.2226620484908461,0.21428571428571427,0.1206896551724138,71.8464,112.74051309460181,132.22652770354534,0.4828424434711465,0.15024961640727852,0.3060612812394799,0.18588258588258594,74.96640000000002,98.33685696822704,101.94073124203837,0.5001946807231836,0.15585436484954573,0.2468221706026583,0.18950715112338826,73.4592,96.76342324320532,102.65936689698894,-260.0,-6.0,1.0
SEA,NYL,18,20190714,78,69,1,1,0.5296034763715372,0.17849174475680502,0.3548387096774194,0.07042253521126761,75.4944,103.31892166836217,91.397507629705,0.5040911747516073,0.21729185727355896,0.25806451612903225,0.4035087719298245,76.2624,90.47708962739176,102.27844914400805,0.5380631976772283,0.17079037276507714,0.27440753446945404,0.17073437315372805,74.8416,103.92434076353037,103.80310961978714,0.5049108536514094,0.16893433721867904,0.2485421836228289,0.18617126443213405,79.26719999999997,96.46770476761203,109.5188102933965,-220.0,-5.0,1.0
SEA,MIN,19,20190717,90,79,1,0,0.6645008860011814,0.2190959409594096,0.24,0.1935483870967742,77.49119999999998,116.14222001982162,101.94705979517677,0.4939969984992497,0.13049151805132667,0.2894736842105263,0.10526315789473684,77.7216,101.64484519104084,115.79792490118578,0.5490168509928504,0.17835797298589895,0.3042936824770441,0.16526308387962188,76.2048,105.83971171424662,102.02426558423092,0.4571337876756634,0.14495989279683366,0.31958546038948765,0.11460372960372962,72.89280000000002,93.94235116371271,91.15933729603071,,,0.0
PHO,SEA,1,20190525,68,77,0,0,0.5269683818970862,0.2085377821393523,0.206896551724138,0.13114754098360654,72.49919999999999,93.79413841807913,106.20806850282487,0.4992219917012448,0.1718213058419244,0.3611111111111111,0.22388059701492533,76.9152,100.11025128973208,88.40905308703611,,,,,,,,,,,,,,,-155.0,-2.0,-1.0
PHO,LVA,2,20190531,86,84,1,1,0.6139348943460881,0.1462701121404193,0.13793103448275862,0.19047619047619047,74.9184,114.79155988382028,112.1219887237314,0.4952830188679245,0.11482254697286012,0.2954545454545455,0.21052631578947367,79.488,105.67632850241543,108.19243156199678,,,,,,,,,,,,,,,-102.0,1.5,1.0
PHO,MIN,3,20190606,56,58,0,0,0.4626569729015202,0.2090956612650287,0.21212121212121213,0.14035087719298245,66.7392,83.90870732642884,86.90544687380131,0.4548306148055207,0.2105002476473502,0.3333333333333333,0.04838709677419355,68.8896,84.19267930137495,81.28948346339651,,,,,,,,0.5428573731858639,0.19465947030569547,0.32950385694249645,0.23198476543335195,75.0912,102.4712214390508,94.64985031967407,-102.0,1.5,-1.0
PHO,IND,4,20190609,94,87,1,0,0.5616634799235182,0.06690454950936663,0.2631578947368421,0.2297297297297297,76.4928,122.8873828647925,113.73619477911646,0.5565506653019447,0.123373710183939,0.1935483870967742,0.18055555555555555,79.83359999999998,108.97667147667148,117.74490941157607,,,,,,,,0.5376206080726801,0.12799720102717285,0.2577132486388385,0.21832223970970774,76.45439999999998,107.48545032444807,100.98673576750359,-123.0,-2.5,1.0
PHO,CHI,5,20190611,75,82,0,0,0.4947229551451188,0.1463963963963964,0.16666666666666666,0.2388059701492537,79.488,94.3538647342995,103.16022544283413,0.5420412480169222,0.15618027666220438,0.2571428571428571,0.0821917808219178,77.4144,105.92344576719576,96.8812003968254,0.5413059322670531,0.15770202626354174,0.2050266732662377,0.17292608459562728,72.66239999999998,103.8454471232802,104.74292471986851,0.5280879223339492,0.19074736611375487,0.2861260454002389,0.12498129388741801,81.072,98.0285028376717,106.1185084698221,-190.0,-3.5,-1.0
PHO,LAS,6,20190614,68,85,0,1,0.43746783324755534,0.13374944271065534,0.34210526315789475,0.18055555555555555,73.6512,92.32707681612793,115.40884602015987,0.6074899942824472,0.11398176291793315,0.17857142857142858,0.12121212121212124,71.0016,119.71561204254552,95.77248963403645,0.5332445755790614,0.14216667982780273,0.19496920200186985,0.19984069188703907,74.4096,103.9853787023353,103.98096395487082,0.5049942742399823,0.15622970264974625,0.2588866778382908,0.19908610533610527,80.88959999999999,99.21712612456228,97.88028196501915,-140.0,0.0,-1.0
PHO,DAL,7,20190620,54,69,0,0,0.3843963553530752,0.16619183285849953,0.16666666666666666,0.29508196721311475,74.15039999999998,72.82496116002072,93.05411703780426,0.475206611570248,0.19867549668874174,0.4,0.18181818181818185,73.53599999999999,93.83159268929505,73.43342036553527,0.4891278103044282,0.13903651247036175,0.24601275917065385,0.19736053315688035,74.0928,98.3692579354122,104.80267827897792,0.4555500681529291,0.14570132067090347,0.3299528384894238,0.1625947093795166,71.43359999999998,94.09553316068713,106.1452772689032,-240.0,-6.0,-1.0
PHO,LAS,8,20190623,82,72,1,1,0.5666113875069099,0.131957773512476,0.17142857142857146,0.21875,74.26559999999998,110.4145122371596,96.94932781799379,0.4726890756302522,0.11606313834726092,0.2564102564102564,0.17142857142857146,73.11359999999998,98.47689075630257,112.15423669467786,0.469562655917317,0.12831055536872946,0.2346491228070175,0.23604330566191345,75.9456,95.5983213938102,106.33984581997869,0.4887960537583712,0.17177093021221446,0.22266556253438474,0.13081044638421685,78.77759999999998,93.33159213708487,105.10899847706426,-110.0,0.0,1.0
PHO,IND,9,20190628,91,69,1,1,0.6337047353760445,0.1431980906921241,0.2413793103448276,0.2380952380952381,73.72800000000002,123.42664930555556,93.58723958333334,0.4563492063492064,0.12702078521939955,0.2777777777777778,0.15942028985507245,73.53599999999999,93.83159268929505,123.74891209747612,0.470799632813165,0.14457386136950676,0.21171679197994986,0.23329837322948105,75.3888,92.48010373690195,102.14312907969801,0.47745830261879496,0.16334534060111255,0.30691854441854444,0.17294996584699454,76.60799999999998,94.73917618091974,98.23544239106708,-250.0,-6.0,1.0
PHO,SEA,10,20190630,69,67,1,0,0.4794330183435242,0.07696254489481788,0.09375,0.1323529411764706,71.96159999999998,95.88447171824974,93.10521166844542,0.4857888631090488,0.1482213438735178,0.2352941176470588,0.09230769230769233,70.04159999999999,95.65743786549707,98.51288377192984,0.5055450778708963,0.1437742849434387,0.2303949528994901,0.2331206902159771,73.9488,99.74829987971596,99.7498826148228,0.4658683667563741,0.1386979703201397,0.2628721811134602,0.16879223772727972,75.21600000000002,95.07575736741043,86.40758750679085,-145.0,-2.5,-1.0
PHO,NYL,11,20190705,76,80,0,1,0.5211190345584201,0.120598166907863,0.1388888888888889,0.26153846153846155,74.8032,101.59993155373031,106.94729637234772,0.5711022272986864,0.1462701121404193,0.15384615384615385,0.20634920634920634,74.9184,106.78284640355372,101.44370408337605,0.5160363741448886,0.12957756048947933,0.1683061371100164,0.22107003662120586,73.5264,100.63764860524641,94.1739740268942,0.5056962594030437,0.14873699663085055,0.2889408034152794,0.1238955077901802,77.01119999999997,100.512989643949,97.53391138599186,-400.0,-8.5,-1.0
PHO,ATL,12,20190707,65,63,1,1,0.4337960491190603,0.11775788977861515,0.2857142857142857,0.22388059701492533,70.00319999999999,92.85289815322727,89.99588590235876,0.3931602596105841,0.13026487190620928,0.2653061224489796,0.2,75.9552,82.94362992922144,85.57676103808559,0.5502170439462248,0.11817914400182015,0.16136169266557196,0.21268416020254247,73.6896,107.8313912036738,97.64726886053008,0.4623291678754442,0.16009430663303226,0.26927521008403354,0.14835586408476434,75.81119999999999,91.60152702083485,104.10416210884377,-330.0,-7.5,-1.0
PHO,WAS,13,20190710,91,68,1,0,0.6132075471698113,0.08620689655172413,0.21875,0.06944444444444445,71.232,127.75157232704404,95.46271338724169,0.4652435686918446,0.0986679822397632,0.20512820512820512,0.07142857142857142,70.15679999999999,96.92574347746763,129.7094508301405,0.5170132093492625,0.11462917306835498,0.1899331212370005,0.2139668094562739,72.624,103.44098768269072,95.9089083816213,0.5685840377930952,0.11385911782355887,0.19956086601307188,0.21053956600831605,78.51839999999999,112.77140018630293,96.75558961197552,600.0,10.0,1.0
PHO,CON,14,20190712,64,79,0,0,0.4686584651435266,0.15994094488188976,0.16666666666666666,0.15873015873015872,72.2688,88.55827134254339,109.31411618845199,0.4886194952993567,0.14761703922395614,0.42857142857142855,0.09210526315789473,76.6464,103.07072478289913,83.500334001336,0.5118889122977042,0.100381374533255,0.1842757936507936,0.17180411104357546,71.99999999999999,104.52221843806284,96.3777768325984,0.4587191784823268,0.15678096560645802,0.2819457850707851,0.15304877658826085,76.14719999999997,91.39349413714451,107.71795671126095,140.0,3.5,-1.0
PHO,MIN,15,20190714,62,75,0,0,0.4699818071558521,0.1646403242147923,0.08333333333333333,0.12903225806451613,72.9216,85.02281902755837,102.85018430753028,0.4749240121580547,0.18564356435643564,0.4166666666666667,0.10666666666666667,78.68159999999997,95.32088823816495,78.79860094354972,0.5091952739977048,0.12112597453002295,0.20250496031746024,0.1783984154319975,72.07679999999998,102.69066834413626,100.43000296260006,0.4743418839196707,0.13420060328736494,0.3102463799297175,0.12265928515928518,72.4608,97.72617185200914,93.55092125841335,-102.0,1.0,-1.0
PHO,DAL,16,20190717,69,64,1,1,0.4959746981023577,0.09143155694879833,0.15625,0.3220338983050847,68.6976,100.44019005030745,93.16191540898079,0.4052684903748734,0.08143322475570032,0.2888888888888889,0.09333333333333334,70.04159999999999,91.37426900584795,98.51288377192984,0.4964109671470628,0.13213651385675526,0.1886160714285714,0.14527186456351115,71.6064,98.5463902125933,99.40572494639572,0.5285598962774678,0.16002857611818866,0.2540973028777906,0.1908672278386672,73.6416,102.13964547509676,109.96950236887787,,,0.0
LAS,LVA,1,20190526,70,83,0,0,0.4231141199226306,0.1447477253928867,0.2272727272727273,0.11688311688311688,83.2512,84.0828720787208,99.69826260762608,0.4959369024856597,0.16051364365971107,0.2682926829268293,0.2297297297297297,85.1328,97.49473763343859,82.22447752217711,,,,,,,,,,,,,,,135.0,3.5,-1.0
LAS,CON,2,20190531,77,70,1,1,0.484398590840463,0.11175681716584712,0.21428571428571427,0.2083333333333333,77.2608,99.66244201457918,90.6022200132538,0.39325842696629215,0.13592233009708735,0.375,0.20512820512820512,81.6,85.78431372549021,94.36274509803923,,,,,,,,,,,,,,,-125.0,-2.0,1.0
LAS,NYL,3,20190604,78,73,1,0,0.4493087557603687,0.12145748987854252,0.2954545454545455,0.20512820512820512,82.368,94.6969696969697,88.62665112665114,0.4807692307692308,0.17406440382941687,0.25,0.2058823529411765,79.6032,91.70485608618748,97.98601061263868,,,,,,,,,,,,,,,-310.0,-6.5,-1.0
LAS,CON,4,20190606,77,89,0,0,0.5401234567901234,0.2275682704811444,0.2258064516129032,0.16666666666666666,81.8688,94.05292370231396,108.71052220137587,0.5440097799511002,0.17206477732793524,0.4375,0.2328767123287671,81.408,109.32586477987421,94.58529874213836,,,,,,,,0.4789504370443104,0.11479321333032558,0.3214834152334153,0.2056908004276425,79.1904,101.97137755532171,93.81216562911399,200.0,5.0,-1.0
LAS,MIN,5,20190608,89,85,1,0,0.5461462935689739,0.16413623307345096,0.3,0.21621621621621626,82.0608,108.45616908438619,103.5817345187958,0.5418154003059663,0.21118262268704746,0.38235294117647056,0.29850746268656714,82.9824,102.43135893876291,107.25165818294,0.4742362308283965,0.15138257572960515,0.2407048596564726,0.1742528305028305,81.18719999999998,93.12380187314592,96.90941398722671,0.521026527861903,0.1983033409949625,0.30658719027582976,0.15952271609748855,71.8944,96.27787347721384,93.24022384968242,105.0,1.5,1.0
LAS,PHO,6,20190614,85,68,1,0,0.6074899942824472,0.11398176291793315,0.17857142857142858,0.12121212121212124,71.0016,119.71561204254552,95.77248963403645,0.43746783324755534,0.13374944271065534,0.34210526315789475,0.18055555555555555,73.6512,92.32707681612793,115.40884602015987,0.5049942742399823,0.15622970264974625,0.2588866778382908,0.19908610533610527,80.88959999999999,99.21712612456228,97.88028196501915,0.5332445755790614,0.14216667982780273,0.19496920200186985,0.19984069188703907,74.4096,103.9853787023353,103.98096395487082,130.0,0.0,1.0
LAS,NYL,7,20190615,92,98,0,1,0.5282498851630685,0.13850415512465375,0.2926829268292683,0.07142857142857142,85.51679999999998,107.58120041909895,114.5973656638228,0.6016699410609038,0.09951348960636887,0.16666666666666666,0.32857142857142857,81.0624,120.89452076425077,113.49281541133743,0.5357671251004784,0.15678593908776772,0.24995810640971936,0.17730580230580228,79.32479999999998,104.23041863155385,99.1728493702148,0.4979281552170963,0.15706659055808625,0.2350007060864654,0.1949157868275516,81.84959999999998,95.8348480506032,103.9231500308641,-1200.0,-14.0,-1.0
LAS,WAS,8,20190618,52,81,0,1,0.3517316017316017,0.2602081665332266,0.2631578947368421,0.16666666666666666,86.3232,60.238730723606174,93.83340747330959,0.5612527716186253,0.19066846119336026,0.2222222222222222,0.18181818181818185,77.91359999999997,103.9613109906358,66.7405947100378,0.5555024074511533,0.16104760539929552,0.2492652017534001,0.14388089388089387,80.11199999999998,107.45147631208614,105.66552800450769,0.5329432670535665,0.10795186753919404,0.2262423056540704,0.2515553118642683,74.7456,109.0682062018865,101.67332851221241,-155.0,-3.0,-1.0
LAS,SEA,9,20190621,62,84,0,0,0.4677127338563669,0.17438963627304435,0.15625,0.16393442622950818,72.2688,85.7908253630889,116.23273113708821,0.554675118858954,0.14652840396753833,0.3333333333333333,0.14285714285714285,73.6512,114.05109489051094,84.18057003823426,0.5084044436865229,0.16920757941231607,0.25860306253438475,0.14388089388089387,81.22559999999999,98.9979280674092,101.94624932249116,0.5169951242709184,0.16179243346450736,0.24417155425219944,0.2134810064376628,74.30400000000002,99.61999655060616,105.1819973095525,-130.0,-2.0,-1.0
LAS,PHO,10,20190623,72,82,0,0,0.4726890756302522,0.11606313834726092,0.2564102564102564,0.17142857142857146,73.11359999999998,98.47689075630257,112.15423669467786,0.5666113875069099,0.131957773512476,0.17142857142857146,0.21875,74.26559999999998,110.4145122371596,96.94932781799379,0.4887960537583712,0.17177093021221446,0.22266556253438474,0.13081044638421685,78.77759999999998,93.33159213708487,105.10899847706426,0.469562655917317,0.12831055536872946,0.2346491228070175,0.23604330566191345,75.9456,95.5983213938102,106.33984581997869,-110.0,0.0,-1.0
LAS,LVA,11,20190627,86,74,1,1,0.5269607843137255,0.14644351464435149,0.2,0.18666666666666668,84.09599999999998,102.2640791476408,87.99467275494673,0.4787784679089026,0.19734108849189866,0.24390243902439024,0.125,82.8288,89.3409055787359,103.82861999690928,0.4550958240953225,0.17229127406954636,0.2421252694940917,0.14336455893832942,79.30559999999997,88.02191181552412,109.2044352422246,0.5077127760839544,0.17077645426200147,0.17764154240447355,0.2256926566432829,79.60319999999999,94.35300327331892,93.03200435992176,105.0,1.5,1.0
LAS,CHI,12,20190630,94,69,1,1,0.6056701030927836,0.15283842794759828,0.3125,0.19718309859154928,78.336,119.99591503267976,88.08210784313725,0.44390118373649,0.15263846489315308,0.2571428571428571,0.1527777777777778,79.4112,86.88950676982594,118.37121212121212,0.4547735488829867,0.1742761139494708,0.2189545377867746,0.17217408274785326,78.95039999999997,86.69263149765959,102.55376201500557,0.5295381197270033,0.15924848520018334,0.2121319293846571,0.15049657648213774,77.78880000000002,100.11445920006405,100.15786254296083,-350.0,-7.5,1.0
LAS,WAS,13,20190707,98,81,1,1,0.6180625630676084,0.07035647279549719,0.2058823529411765,0.13513513513513514,75.1488,130.40793731902573,107.78615227388865,0.5303823991618648,0.1157943492357573,0.1111111111111111,0.25,79.0656,102.44657600777077,123.94770924396956,0.5182581742232821,0.14743367930306372,0.2312900641025641,0.1798031907290739,76.95359999999998,101.631927574928,101.11593710746249,0.5970709122294331,0.12238746778399225,0.2217830882352941,0.1958336836553748,78.12479999999998,117.80839757847988,88.99710630494747,140.0,3.0,1.0
LAS,DAL,14,20190709,62,74,0,0,0.41846652267818574,0.22086663862010936,0.4473684210526316,0.08450704225352113,74.9568,82.71431010928961,98.72353142076504,0.5572289156626505,0.18427518427518427,0.2962962962962963,0.16129032258064516,70.464,105.01816530426883,87.98819255222527,0.5558456315260926,0.12142538843367692,0.2436981523378582,0.17260336795548065,77.67359999999998,112.7862055639122,99.0042923916626,0.4743418031155829,0.1417920864716249,0.24511651758121586,0.2088860630155404,73.824,94.14520510631763,104.64623493618835,-280.0,-6.5,-1.0
LAS,IND,15,20190712,90,84,1,0,0.5264389330837622,0.1231021748050882,0.3714285714285713,0.19230769230769232,81.1008,110.97301136363636,103.5748106060606,0.5523408732246186,0.2082465639316951,0.4375,0.17391304347826084,78.75840000000002,106.65529010238907,114.27352510970259,0.5422899932880759,0.14762626350188904,0.29143769349845194,0.15087298566171806,78.13439999999999,108.84556040215895,95.64661607318442,0.5011128956393667,0.10545305458490696,0.21730769230769234,0.17541538590546552,76.4928,102.22586509189512,104.69772188851307,-155.0,-3.0,1.0
LAS,ATL,16,20190714,76,71,1,0,0.41179020372778496,0.05139802631578947,0.3137254901960784,0.11494252873563215,78.0288,97.3999343832021,90.99204396325459,0.4101201478743069,0.11275112751127513,0.35714285714285715,0.25,79.2576,89.5813145994832,95.88985788113695,0.5421595304805852,0.14179092854207326,0.3342948363555948,0.15228324207197447,77.38559999999998,111.02279345615784,99.54165053596287,0.4619510928946944,0.16299894157399675,0.3247298919567827,0.1946369897740816,74.4864,93.15547417374914,86.67661935828751,-180.0,-4.0,1.0
MIN,CHI,1,20190525,89,71,1,1,0.5421539961013645,0.19592476489028213,0.425,0.3382352941176471,81.6768,108.96607114872278,86.92798934336311,0.4634464751958225,0.16375545851528386,0.17142857142857146,0.17142857142857146,82.17599999999999,86.39992211838008,108.30412772585673,,,,,,,,,,,,,,,-175.0,-4.0,1.0
MIN,SEA,2,20190529,72,61,1,1,0.5325443786982249,0.2193995381062356,0.44,0.19672131147540986,72.57600000000002,99.20634920634922,84.04982363315699,0.4226718403547672,0.15265382808830438,0.21621621621621626,0.16666666666666666,74.0736,82.35052704337308,97.20062208398134,,,,,,,,,,,,,,,-132.0,-2.0,1.0
MIN,DAL,3,20190601,70,67,1,0,0.4828918322295805,0.18083182640144665,0.3225806451612903,0.2,75.3408,92.91114509004416,88.92923887189941,0.4310344827586207,0.13374944271065534,0.3170731707317073,0.1111111111111111,73.6512,90.96932568647895,95.04257907542579,,,,,,,,,,,,,,,-135.0,-1.0,1.0
MIN,SEA,4,20190604,77,84,0,0,0.6138392857142857,0.18248175182481752,0.13043478260869565,0.19298245614035087,70.7712,108.801320311087,118.69234943027674,0.6880733944954128,0.246791707798618,0.3636363636363637,0.2407407407407408,70.11840000000001,119.79737130339537,109.81425702811244,,,,,,,,0.4780410498502648,0.14270889477431573,0.2585662815925974,0.19766433380702428,77.8176,95.9006170795368,92.77420168407056,-110.0,0.0,-1.0
MIN,PHO,5,20190606,58,56,1,1,0.4548306148055207,0.2105002476473502,0.3333333333333333,0.04838709677419355,68.8896,84.19267930137495,81.28948346339651,0.4626569729015202,0.2090956612650287,0.21212121212121213,0.14035087719298245,66.7392,83.90870732642884,86.90544687380131,0.5428573731858639,0.19465947030569547,0.32950385694249645,0.23198476543335195,75.0912,102.4712214390508,94.64985031967407,,,,,,,,-118.0,-1.5,1.0
MIN,LAS,6,20190608,85,89,0,1,0.5418154003059663,0.21118262268704746,0.38235294117647056,0.29850746268656714,82.9824,102.43135893876291,107.25165818294,0.5461462935689739,0.16413623307345096,0.3,0.21621621621621626,82.0608,108.45616908438619,103.5817345187958,0.521026527861903,0.1983033409949625,0.30658719027582976,0.15952271609748855,71.8944,96.27787347721384,93.24022384968242,0.4742362308283965,0.15138257572960515,0.2407048596564726,0.1742528305028305,81.18719999999998,93.12380187314592,96.90941398722671,-125.0,-1.5,-1.0
MIN,NYL,7,20190612,69,75,0,0,0.4815745393634841,0.2266839378238342,0.21052631578947367,0.05797101449275361,81.2544,84.91847826086956,92.30269376181472,0.5302601809954751,0.1937984496124031,0.2258064516129032,0.15384615384615385,77.49119999999998,96.78518334985137,89.04236868186324,0.5233442832638383,0.19624911214016547,0.2921754255699474,0.18496925390027788,74.49600000000002,97.08412591031723,99.04068248712818,0.4922824117472237,0.15069395185692755,0.3264149468417761,0.2017483660130719,81.36,99.18740753683788,105.16372737357851,-160.0,-3.5,-1.0
MIN,CON,8,20190614,81,85,0,1,0.5343007915567283,0.10613207547169813,0.20512820512820512,0.22388059701492533,73.72800000000002,109.86328125,115.28862847222223,0.57154384077461,0.15844273426889996,0.21739130434782608,0.18181818181818185,80.0256,106.2160108765195,101.21761036468331,0.5230149600473143,0.20771213999576235,0.2641618432269933,0.14946200752346628,75.97439999999997,95.08595920302359,99.88404620960699,0.4914353741832596,0.13840271623337375,0.30189474983541803,0.22225334211635567,79.3536,99.77382902809923,89.71551827720451,205.0,3.5,-1.0
MIN,LVA,9,20190616,75,80,0,1,0.5179558011049723,0.16203703703703706,0.13513513513513514,0.1323529411764706,78.14399999999998,95.97665847665847,102.37510237510237,0.5643340857787811,0.1841620626151013,0.1875,0.4067796610169492,77.64479999999998,103.03330036267721,96.5937190900099,0.5031303365079249,0.1886247209074825,0.28283519885687064,0.1571865427421099,76.71359999999999,95.35144943775185,99.03311597009338,0.5408580030477728,0.18662256078672526,0.2809046695601318,0.2574345501223228,84.48960000000002,101.72942491677964,89.47425606199623,225.0,5.5,1.0
MIN,NYL,10,20190622,92,83,1,1,0.5958549222797928,0.1975051975051975,0.4074074074074074,0.328125,81.792,112.48043818466354,101.47691705790295,0.5384016606123508,0.17189514396218308,0.29411764705882354,0.06756756756756757,79.7568,104.06636173968866,115.35066602471514,0.5189116330827879,0.17650891825490422,0.2332856493073211,0.17817800384267918,79.0272,98.29744423157274,104.30452069801984,0.5090385399602092,0.13770696535275073,0.15299632835038038,0.21455864397040872,82.37759999999999,97.717758634083,106.49023107815634,-300.0,-7.0,1.0
MIN,IND,11,20190625,78,74,1,0,0.5705090696313634,0.1991565135895033,0.17857142857142858,0.2833333333333333,77.1456,101.10751617720258,95.92251534760244,0.458374628344896,0.1739664347114204,0.28205128205128205,0.14666666666666667,83.2512,88.88760762607626,93.69234317343174,0.5324215135762445,0.17308956195944172,0.2395492658650553,0.1855823881710374,78.7296,100.80971404304786,102.86083541676058,0.4589261248793529,0.1466547610827772,0.3086279461279462,0.16512945302648174,75.0624,93.27794525928692,97.5193404874285,-118.0,-2.5,1.0
MIN,DAL,12,20190630,86,89,0,0,0.5251587689301417,0.07875787578757876,0.1388888888888889,0.2857142857142857,80.5248,106.79939596248607,110.52495628675888,0.6335421412300684,0.17597372125762553,0.1851851851851852,0.29508196721311475,77.03039999999999,115.53880026586909,111.64423396477235,0.5546551461432142,0.16620770590085898,0.23156054406054405,0.24192296788118234,77.70240000000003,104.85697352213114,103.76579081320749,0.4629399948447737,0.14910945875678175,0.34190865093768896,0.20590528874110964,73.344,95.30801005751269,96.0020492619957,-190.0,-4.5,-1.0
MIN,ATL,13,20190702,85,68,1,1,0.543756397134084,0.14260640631856078,0.3793103448275862,0.1388888888888889,76.9536,110.45617099135063,88.36493679308052,0.4696132596685082,0.17162471395881007,0.2285714285714285,0.1176470588235294,76.22399999999998,89.21074727120067,111.51343408900084,0.5523696404865676,0.15936415597982914,0.215000715000715,0.25738139005602245,79.40160000000002,104.09100220025265,102.57487276684166,0.47979111376620004,0.12180568570827754,0.25885416666666666,0.17304327528112695,75.15839999999999,99.20753561505863,109.41443015177171,-265.0,-8.0,1.0
MIN,CON,14,20190706,74,71,1,0,0.5255681818181818,0.15587529976019185,0.26666666666666666,0.13636363636363635,72.384,102.23253757736515,98.08797524314764,0.4535002554931017,0.1869547154133777,0.3783783783783784,0.0958904109589041,78.9888,89.88616107600065,93.68416788202885,0.5588197894938455,0.15450649830021007,0.2760445174238277,0.25901537698412697,79.10400000000001,107.71088032892573,99.07233137133622,0.4835471822078069,0.1453050464408082,0.2040178571428572,0.17809578169167206,77.89439999999998,94.30955355649652,110.67806398844131,320.0,8.0,1.0
MIN,CHI,15,20190710,73,72,1,0,0.4336977186311787,0.08680555555555555,0.3023255813953488,0.15384615384615385,75.9936,96.06072090281286,94.74482061647295,0.4573170731707317,0.13227513227513227,0.21052631578947367,0.136986301369863,79.4112,90.66731141199229,91.92657962604773,0.5412481043784427,0.14409902386395868,0.2408593322386425,0.21107503607503608,76.75200000000002,105.14890517710111,98.22509591764738,0.5198417734247519,0.17422878106417175,0.2135349025974026,0.16765109890109886,79.00800000000002,96.58348940073827,104.11779466019085,-155.0,1.0,1.0
MIN,ATL,16,20190712,53,60,0,0,0.3943452380952381,0.15151515151515152,0.2926829268292683,0.061538461538461535,64.512,82.15525793650794,93.00595238095238,0.39556962025316456,0.13661202185792348,0.35714285714285715,0.11267605633802814,69.9264,85.80450302031849,75.79397766794801,0.5070452666283966,0.11601128435547176,0.2717978704446226,0.1787032412032412,76.46400000000001,103.88720635850369,97.930672234865,0.4804620027485303,0.1717521145992184,0.2925870348139255,0.1958797403954569,76.0608,94.00703523646969,95.6064834635507,-117.0,-1.0,-1.0
MIN,PHO,17,20190714,75,62,1,1,0.4749240121580547,0.18564356435643564,0.4166666666666667,0.10666666666666667,78.68159999999997,95.32088823816495,78.79860094354972,0.4699818071558521,0.1646403242147923,0.08333333333333333,0.12903225806451613,72.9216,85.02281902755837,102.85018430753028,0.4743418839196707,0.13420060328736494,0.3102463799297175,0.12265928515928518,72.4608,97.72617185200914,93.55092125841335,0.5091952739977048,0.12112597453002295,0.20250496031746024,0.1783984154319975,72.07679999999998,102.69066834413626,100.43000296260006,-118.0,-1.0,1.0
MIN,SEA,18,20190717,79,90,0,1,0.4939969984992497,0.13049151805132667,0.2894736842105263,0.10526315789473684,77.7216,101.64484519104084,115.79792490118578,0.6645008860011814,0.2190959409594096,0.24,0.1935483870967742,77.49119999999998,116.14222001982162,101.94705979517677,0.4571337876756634,0.14495989279683366,0.31958546038948765,0.11460372960372962,72.89280000000002,93.94235116371271,91.15933729603071,0.5490168509928504,0.17835797298589895,0.3042936824770441,0.16526308387962188,76.2048,105.83971171424662,102.02426558423092,,,0.0
DAL,ATL,1,20190524,72,76,0,0,0.4442250740375123,0.15618492294877134,0.425,0.16216216216216214,75.8784,94.88866396761135,100.16025641025641,0.5015839493136219,0.16527104451300131,0.2424242424242425,0.2857142857142857,79.4496,95.65812792009022,90.6234896085065,,,,,,,,,,,,,,,315.0,8.5,1.0
DAL,MIN,2,20190601,67,70,0,1,0.4310344827586207,0.13374944271065534,0.3170731707317073,0.1111111111111111,73.6512,90.96932568647895,95.04257907542579,0.4828918322295805,0.18083182640144665,0.3225806451612903,0.2,75.3408,92.91114509004416,88.92923887189941,,,,,,,,,,,,,,,115.0,1.0,-1.0
DAL,IND,3,20190607,64,79,0,0,0.4147226542249871,0.11473152822395595,0.2926829268292683,0.18309859154929573,72.1536,88.6996629412808,109.48864644314352,0.5113930605903677,0.11462631820265935,0.3333333333333333,0.29411764705882354,74.15039999999998,106.54022095632662,86.31106507854307,,,,,,,,,,,,,,,165.0,4.5,-1.0
DAL,WAS,4,20190609,62,86,0,0,0.4871150219987429,0.19074262461851474,0.2857142857142857,0.04918032786885247,67.81439999999999,91.42600981502454,126.81672329180824,0.5730277185501066,0.1378676470588235,0.3,0.2058823529411765,74.9184,114.79155988382028,82.75670596275414,,,,,,,,0.5667060757420183,0.11868288393428088,0.3360375816993464,0.19508561841953026,76.35839999999997,118.42289617081741,107.77894434557848,950.0,14.5,-1.0
DAL,IND,5,20190613,72,76,0,1,0.4870129870129871,0.1495628163828808,0.3636363636363637,0.2424242424242425,71.9232,100.106780565937,105.66826837515572,0.538243626062323,0.1940639269406393,0.4324324324324325,0.21875,68.73599999999999,110.56797020484173,104.74860335195532,0.4442743082549657,0.14885212962547434,0.3301175958188153,0.12638804817285534,72.3744,91.49591560259891,107.87705130515849,0.5674885830762744,0.14049085680808476,0.2670652576937338,0.2143559463412405,76.08959999999998,111.72899299480372,104.84343259497696,-120.0,-1.0,-1.0
DAL,ATL,6,20190615,71,61,1,1,0.433349609375,0.12776831345826234,0.37777777777777777,0.17567567567567569,73.8432,96.14967932050615,82.6074709655053,0.4490577149587751,0.22747952684258416,0.3333333333333333,0.21666666666666667,72.8832,83.69555672637864,97.41613979627678,0.4549712864988344,0.14719660298400172,0.3147766867279062,0.14645356823837544,71.3856,92.80044475218031,109.2540542963833,0.429866596207518,0.16101744029880946,0.2597902658337175,0.1759803606309718,79.10399999999998,85.10523934159515,105.8353270835515,130.0,3.0,1.0
DAL,PHO,7,20190620,69,54,1,1,0.475206611570248,0.19867549668874174,0.4,0.18181818181818185,73.53599999999999,93.83159268929505,73.43342036553527,0.3843963553530752,0.16619183285849953,0.16666666666666666,0.29508196721311475,74.15039999999998,72.82496116002072,93.05411703780426,0.4555500681529291,0.14570132067090347,0.3299528384894238,0.1625947093795166,71.43359999999998,94.09553316068713,106.1452772689032,0.4891278103044282,0.13903651247036175,0.24601275917065385,0.19736053315688035,74.0928,98.3692579354122,104.80267827897792,200.0,6.0,1.0
DAL,LVA,8,20190622,68,86,0,0,0.3962703962703963,0.11363636363636365,0.3333333333333333,0.23376623376623376,77.568,87.66501650165019,110.87046204620462,0.6107954545454545,0.15587529976019185,0.13793103448275862,0.13636363636363635,76.22399999999998,112.82535684298908,89.21074727120067,0.4706710574892444,0.16668731278709992,0.3567821067821067,0.16227460694673812,71.77919999999997,95.3785155976907,97.13147074950115,0.5303026004417704,0.1661340406079954,0.26282868916797497,0.3209876604566516,80.8224,101.88319495598628,100.25644889293972,850.0,14.0,-1.0
DAL,CON,9,20190626,74,73,1,1,0.5264655663062038,0.15609990393852066,0.3448275862068966,0.16923076923076924,70.3488,105.1901382823872,103.7686499272198,0.5211307824100514,0.13573543928923987,0.17857142857142858,0.15873015873015872,72.9984,100.002191828862,101.37208486761354,0.4479599010571577,0.14741074754156214,0.3686868686868686,0.20842108342108345,74.21759999999998,94.43826726934714,93.14490543810024,0.5471895205205157,0.15737222959355093,0.2266596540439457,0.1799242424242424,78.50879999999998,104.72983100740973,100.59600417545485,325.0,8.5,1.0
DAL,NYL,10,20190628,68,69,0,0,0.4538174052322477,0.12802607076350092,0.2894736842105263,0.2388059701492537,71.9232,94.54529275671827,95.93566470902296,0.4427618069815195,0.0931098696461825,0.2682926829268293,0.15714285714285714,71.9232,95.93566470902296,94.54529275671827,0.4578230458804618,0.1490450194304721,0.3639846743295018,0.1901227151227151,73.82399999999998,95.70910669845965,92.67000082611628,0.5110739098644281,0.13223113894019572,0.17007412721186044,0.1929889974007621,82.94399999999997,99.53805323154232,113.0673054138693,145.0,3.5,1.0
DAL,MIN,11,20190630,89,86,1,1,0.6335421412300684,0.17597372125762553,0.1851851851851852,0.29508196721311475,77.03039999999999,115.53880026586909,111.64423396477235,0.5251587689301417,0.07875787578757876,0.1388888888888889,0.2857142857142857,80.5248,106.79939596248607,110.52495628675888,0.4629399948447737,0.14910945875678175,0.34190865093768896,0.20590528874110964,73.344,95.30801005751269,96.0020492619957,0.5546551461432142,0.16620770590085898,0.23156054406054405,0.24192296788118234,77.70240000000003,104.85697352213114,103.76579081320749,165.0,4.5,1.0
DAL,IND,12,20190705,56,76,0,1,0.37919826652221017,0.10864316755190727,0.2619047619047619,0.11594202898550725,68.96640000000001,81.19896065330363,110.19858945805493,0.5641330166270784,0.12926577042399173,0.2692307692307692,0.2542372881355932,67.5456,112.51658139094185,82.90695470911504,0.5025238772597287,0.1434340148990027,0.2882049472339853,0.2342212350898429,74.21759999999998,100.73481195165618,105.55475266180497,0.4671162355966776,0.1434178372901308,0.2538461538461539,0.14415692171470446,80.6112,92.85767140492372,104.2464991390682,-165.0,-3.5,-1.0
DAL,CHI,13,20190707,66,78,0,0,0.4308093994778068,0.1545253863134658,0.24390243902439024,0.18571428571428567,77.37599999999998,85.29776674937965,100.80645161290323,0.5568246716162193,0.18596001859600186,0.09375,0.2222222222222222,79.7184,97.84441233140656,82.79142581888246,0.4982558448226822,0.1421857158778886,0.2703478043768424,0.20476518389466128,72.0672,99.11829798956957,105.38678451476751,0.5059064614253558,0.17452433343850898,0.24478490259740265,0.15195061580931146,79.2,95.10763599982047,108.57946826272213,235.0,6.5,-1.0
DAL,LAS,14,20190709,74,62,1,1,0.5572289156626505,0.18427518427518427,0.2962962962962963,0.16129032258064516,70.464,105.01816530426883,87.98819255222527,0.41846652267818574,0.22086663862010936,0.4473684210526316,0.08450704225352113,74.9568,82.71431010928961,98.72353142076504,0.4743418031155829,0.1417920864716249,0.24511651758121586,0.2088860630155404,73.824,94.14520510631763,104.64623493618835,0.5558456315260926,0.12142538843367692,0.2436981523378582,0.17260336795548065,77.67359999999998,112.7862055639122,99.0042923916626,240.0,6.5,1.0
DAL,SEA,15,20190712,81,95,0,0,0.6444939528962444,0.2226620484908461,0.21428571428571427,0.1206896551724138,71.8464,112.74051309460181,132.22652770354534,0.6880069524913093,0.16859344894026973,0.2222222222222222,0.20967741935483872,73.9584,128.4505884389062,109.52102803738319,0.5001946807231836,0.15585436484954573,0.2468221706026583,0.18950715112338826,73.4592,96.76342324320532,102.65936689698894,0.4828424434711465,0.15024961640727852,0.3060612812394799,0.18588258588258594,74.96640000000002,98.33685696822704,101.94073124203837,220.0,6.0,-1.0
DAL,CHI,16,20190714,79,89,0,1,0.4817073170731707,0.07865168539325842,0.2619047619047619,0.29577464788732394,74.88,105.50213675213676,118.85683760683762,0.6313847900113507,0.1242544731610338,0.14285714285714285,0.2222222222222222,73.4208,121.21905509065552,107.59893654114369,0.5029326336397276,0.16752644665785088,0.2540973028777906,0.14590907311321302,72.1632,96.06385145038848,107.8049403316822,0.5433059928844085,0.15802567984534688,0.16184620504707514,0.1933735594694498,81.50399999999998,101.32187187761616,95.52941967937952,-123.0,-1.5,-1.0
DAL,PHO,17,20190717,64,69,0,0,0.4052684903748734,0.08143322475570032,0.2888888888888889,0.09333333333333334,70.04159999999999,91.37426900584795,98.51288377192984,0.4959746981023577,0.09143155694879833,0.15625,0.3220338983050847,68.6976,100.44019005030745,93.16191540898079,0.5285598962774678,0.16002857611818866,0.2540973028777906,0.1908672278386672,73.6416,102.13964547509676,109.96950236887787,0.4964109671470628,0.13213651385675526,0.1886160714285714,0.14527186456351115,71.6064,98.5463902125933,99.40572494639572,,,0.0
LVA,LAS,1,20190526,83,70,1,1,0.4959369024856597,0.16051364365971107,0.2682926829268293,0.2297297297297297,85.1328,97.49473763343859,82.22447752217711,0.4231141199226306,0.1447477253928867,0.2272727272727273,0.11688311688311688,83.2512,84.0828720787208,99.69826260762608,,,,,,,,,,,,,,,-155.0,-3.5,1.0
LVA,PHO,2,20190531,84,86,0,0,0.4952830188679245,0.11482254697286012,0.2954545454545455,0.21052631578947367,79.488,105.67632850241543,108.19243156199678,0.6139348943460881,0.1462701121404193,0.13793103448275862,0.19047619047619047,74.9184,114.79155988382028,112.1219887237314,,,,,,,,,,,,,,,-118.0,-1.5,-1.0
LVA,CON,3,20190602,74,80,0,1,0.5082417582417582,0.22388059701492533,0.17647058823529413,0.234375,84.288,87.79422930903569,94.91268033409264,0.4591368227731864,0.09363295880149812,0.25,0.2597402597402597,81.7152,97.90100250626568,90.55842731829573,,,,,,,,,,,,,,,-235.0,-5.5,-1.0
LVA,ATL,4,20190606,92,69,1,0,0.5690252350321623,0.20620581304006289,0.3333333333333333,0.09210526315789473,86.2464,106.67111902641734,80.00333926981301,0.42931806869089095,0.1572986577181208,0.20454545454545456,0.2222222222222222,82.90559999999998,83.22718851320056,110.96958468426745,,,,,,,,,,,,,,,-150.0,-3.0,1.0
LVA,NYL,5,20190609,78,88,0,0,0.4354622599374721,0.11815675462780625,0.30612244897959184,0.2278481012658228,83.0976,93.86552680221813,105.89956869993836,0.4875886524822695,0.09068923821039904,0.3076923076923077,0.2222222222222222,83.7504,105.0741250191044,93.1338835396607,0.5171217286568761,0.17635565017188987,0.2683877874875006,0.19168407716927446,83.7888,99.40910361782677,91.33323217201988,0.4951980294554131,0.1696362906605492,0.3307418699186992,0.2140499533146592,80.3712,97.98304054256866,107.25772280242657,-650.0,-9.0,-1.0
LVA,NYL,6,20190614,100,65,1,1,0.6507027589796981,0.19824707846410689,0.3076923076923077,0.4754098360655738,84.3264,118.58682452944748,77.08143594414085,0.4207664422578975,0.16261925411968778,0.07317073170731707,0.2647058823529412,85.67039999999999,75.87217988943674,116.72643059913344,0.5020030680198293,0.16576642791391366,0.27784522900069125,0.19121367005329776,83.28,98.50180091002164,97.2520049664602,0.5129288523449297,0.15992787798551852,0.2792080231596361,0.1802099044746104,80.33279999999998,99.7930170997909,99.2380450342404,-620.0,-13.5,1.0
LVA,MIN,7,20190616,80,75,1,0,0.5643340857787811,0.1841620626151013,0.1875,0.4067796610169492,77.64479999999998,103.03330036267721,96.5937190900099,0.5179558011049723,0.16203703703703706,0.13513513513513514,0.1323529411764706,78.14399999999998,95.97665847665847,102.37510237510237,0.5408580030477728,0.18662256078672526,0.2809046695601318,0.2574345501223228,84.48960000000002,101.72942491677964,89.47425606199623,0.5031303365079249,0.1886247209074825,0.28283519885687064,0.1571865427421099,76.71359999999999,95.35144943775185,99.03311597009338,-265.0,-5.5,-1.0
LVA,WAS,8,20190620,72,95,0,1,0.4707112970711297,0.1639702667249672,0.25,0.17391304347826084,78.2208,92.04712812960236,121.45107183766979,0.6443298969072165,0.14990774907749074,0.2,0.19117647058823528,77.49119999999998,122.59456557647837,92.9137760158573,0.5548810849320285,0.17669292718676932,0.2836620225013083,0.3005357153765601,82.8288,105.53919268019008,89.89451575097553,0.5251223197665941,0.1353455815400364,0.21562139062139066,0.19626358866209734,75.6672,103.39898057827456,89.73015765187048,-200.0,-5.5,-1.0
LVA,DAL,9,20190622,86,68,1,1,0.6107954545454545,0.15587529976019185,0.13793103448275862,0.13636363636363635,76.22399999999998,112.82535684298908,89.21074727120067,0.3962703962703963,0.11363636363636365,0.3333333333333333,0.23376623376623376,77.568,87.66501650165019,110.87046204620462,0.5303026004417704,0.1661340406079954,0.26282868916797497,0.3209876604566516,80.8224,101.88319495598628,100.25644889293972,0.4706710574892444,0.16668731278709992,0.3567821067821067,0.16227460694673812,71.77919999999997,95.3785155976907,97.13147074950115,-1300.0,-14.0,1.0
LVA,SEA,10,20190625,60,56,1,1,0.38501026694045176,0.17909818794774546,0.13513513513513514,0.18571428571428567,86.3232,69.5062277580071,64.87247924080664,0.3617571059431524,0.17130620985010706,0.18181818181818185,0.0684931506849315,81.98400000000002,68.30601092896174,73.18501170960188,0.574135899093766,0.1755636768910918,0.22078083554376668,0.2981165442311049,79.104,106.62315246617901,96.08424353575528,0.5231246230779525,0.17334150580769028,0.26112231182795703,0.1851874309429488,72.15360000000003,100.33794745869272,95.44614925974888,-305.0,-8.0,-1.0
LVA,LAS,11,20190627,74,86,0,0,0.4787784679089026,0.19734108849189866,0.24390243902439024,0.125,82.8288,89.3409055787359,103.82861999690928,0.5269607843137255,0.14644351464435149,0.2,0.18666666666666668,84.09599999999998,102.2640791476408,87.99467275494673,0.5077127760839544,0.17077645426200147,0.17764154240447355,0.2256926566432829,79.60319999999999,94.35300327331892,93.03200435992176,0.4550958240953225,0.17229127406954636,0.2421252694940917,0.14336455893832942,79.30559999999997,88.02191181552412,109.2044352422246,-125.0,-1.5,-1.0
LVA,IND,12,20190629,102,97,1,1,0.5599472990777339,0.09893153937475267,0.32432432432432434,0.3376623376623377,85.51679999999998,119.27480916030537,113.42800478970214,0.5217297762478486,0.060630557801131774,0.15555555555555556,0.06741573033707865,88.2816,109.8756705814122,115.53936494127882,0.4863238716164847,0.17407121073120085,0.1917421521605711,0.15524774138904562,80.8992,90.9299045773336,94.84072958664659,0.4772163359134137,0.17365971357834664,0.2797720797720798,0.18468003831076268,76.6848,91.5682070223573,99.1298457344363,-925.0,-11.0,-1.0
LVA,CHI,13,20190702,90,82,1,1,0.5971337579617835,0.1566696508504924,0.06666666666666668,0.19402985074626866,83.8656,107.31456043956044,97.77548840048841,0.5446333687566418,0.18422193324664066,0.18181818181818185,0.15714285714285714,82.8288,98.99938185751816,108.65785813630043,0.5086328721181358,0.1578115288936472,0.2103232332416522,0.19618506493506485,82.72319999999998,97.73682483500934,92.8349628246547,0.5219078051000696,0.1671856642861409,0.23965293778801844,0.14391490152359715,78.98880000000003,98.71698257291168,104.28531988789759,-450.0,-10.0,-1.0
LVA,NYL,14,20190707,90,58,1,0,0.5349500713266762,0.1062473438164046,0.3333333333333333,0.2297297297297297,80.7552,111.44793152639086,71.82200031700745,0.37409700722394224,0.1968503937007874,0.3,0.10810810810810813,81.13919999999997,71.48209496766053,110.92049219119735,0.5052174479722179,0.1580101166662223,0.1925071412876292,0.21060161853072293,84.63359999999999,96.35912573415216,94.97614810697664,0.5138714010746276,0.1423307386754096,0.2538729301121119,0.1585909174855899,75.8016,101.19211080991526,94.0571709006571,-200.0,-5.0,1.0
LVA,IND,15,20190710,74,71,1,0,0.4590570719602978,0.12008733624454147,0.1794871794871795,0.17567567567567569,81.21600000000002,91.11505122143421,87.42119779353823,0.4622395833333334,0.1048951048951049,0.16666666666666666,0.22058823529411764,76.60799999999998,92.67961570593151,96.59565580618214,0.5427023990687742,0.13979740563338708,0.2420566908371788,0.22160547953458395,83.24159999999998,106.84455167624807,96.71352837602684,0.5001466568922573,0.12272088703898586,0.2461538461538461,0.15693499374860276,78.1536,101.2778630719313,103.97189373032543,-190.0,-6.5,-1.0
LVA,WAS,16,20190713,85,81,1,0,0.5218565815324165,0.16420361247947454,0.34375,0.3,82.9824,102.43135893876291,97.61105969458583,0.4931807111544082,0.11812714776632302,0.2857142857142857,0.25,77.8752,104.01257396449705,109.14899737015119,0.537772050081623,0.12048396757154778,0.22595287595287605,0.23427439845350284,82.8384,107.28808808692268,92.61167282518407,0.5445695011063186,0.11561135627992496,0.18053041729512315,0.19123454670329665,77.27039999999998,107.39491151129921,104.897800726937,195.0,5.5,1.0
