,Team,ML Odds,Date
0,WAS,-155,20141030
1,ORL,135,20141030
2,NYK,650,20141030
3,CLE,-1000,20141030
4,DET,145,20141030
5,MIN,-165,20141030
6,UTA,525,20141030
7,DAL,-750,20141030
8,OKC,650,20141030
9,LAC,-1000,20141030
10,MEM,-270,20141031
11,IND,230,20141031
12,CLE,155,20141031
13,CHI,-175,20141031
14,PHI,385,20141031
15,MIL,-485,20141031
16,POR,-220,20141031
17,SAC,180,20141031
18,SAS,-125,20141031
19,PHO,105,20141031
20,LAC,-800,20141031
21,LAL,550,20141031
22,MIL,155,20141104
23,IND,-165,20141104
24,OKC,475,20141104
25,TOR,-650,20141104
26,WAS,105,20141104
27,NYK,-125,20141104
28,HOU,110,20141104
29,MIA,-120,20141104
30,ORL,800,20141104
31,CHI,-1000,20141104
32,CHO,140,20141104
33,NOP,-150,20141104
34,CLE,-140,20141104
35,POR,120,20141104
36,PHO,-245,20141104
37,LAL,205,20141104
38,ORL,-150,20141105
39,PHI,130,20141105
40,MIA,120,20141105
41,CHO,-140,20141105
42,TOR,-103,20141105
43,BOS,-117,20141105
44,MIN,180,20141105
45,BRK,-220,20141105
46,NYK,160,20141105
47,DET,-185,20141105
48,IND,385,20141105
49,WAS,-485,20141105
50,CHI,-225,20141105
51,MIL,205,20141105
52,ATL,280,20141105
53,SAS,-340,20141105
54,MEM,100,20141105
55,PHO,-120,20141105
56,CLE,-200,20141105
57,UTA,170,20141105
58,DEN,130,20141105
59,SAC,-150,20141105
60,LAC,160,20141105
61,GSW,-185,20141105
62,ATL,105,20141107
63,CHO,-125,20141107
64,MIN,-140,20141107
65,ORL,120,20141107
66,CHI,-650,20141107
67,PHI,475,20141107
68,IND,155,20141107
69,BOS,-175,20141107
70,NYK,180,20141107
71,BRK,-220,20141107
72,MIL,160,20141107
73,DET,-185,20141107
74,WAS,155,20141107
75,TOR,-175,20141107
76,MEM,-310,20141107
77,OKC,255,20141107
78,SAC,160,20141107
79,PHO,-185,20141107
80,DAL,-140,20141107
81,UTA,120,20141107
82,CLE,-185,20141107
83,DEN,160,20141107
84,NOP,205,20141110
85,CLE,-245,20141110
86,UTA,115,20141110
87,IND,-125,20141110
88,ATL,-125,20141110
89,NYK,105,20141110
90,DET,428,20141110
91,CHI,-490,20141110
92,SAS,120,20141110
93,LAC,-140,20141110
94,MIL,130,20141114
95,ORL,-150,20141114
96,DEN,145,20141114
97,IND,-165,20141114
98,MIA,120,20141114
99,ATL,-140,20141114
100,UTA,145,20141114
101,NYK,-165,20141114
102,CLE,-220,20141114
103,BOS,180,20141114
104,MIN,255,20141114
105,NOP,-310,20141114
106,PHI,2500,20141114
107,HOU,-5000,20141114
108,DET,145,20141114
109,OKC,-165,20141114
110,CHO,170,20141114
111,PHO,-200,20141114
112,SAS,-340,20141114
113,LAL,280,20141114
114,ORL,385,20141115
115,WAS,-485,20141115
116,UTA,500,20141115
117,TOR,-700,20141115
118,ATL,255,20141115
119,CLE,-310,20141115
120,IND,400,20141115
121,CHI,-500,20141115
122,DET,500,20141115
123,MEM,-700,20141115
124,MIN,650,20141115
125,DAL,-1000,20141115
126,SAS,-140,20141115
127,SAC,120,20141115
128,BRK,165,20141115
129,POR,-190,20141115
130,CHO,500,20141115
131,GSW,-700,20141115
132,PHO,230,20141115
133,LAC,-270,20141115
134,DEN,650,20141117
135,CLE,-1000,20141117
136,DAL,-140,20141117
137,CHO,120,20141117
138,ORL,160,20141117
139,DET,-185,20141117
140,MIA,210,20141117
141,BRK,-230,20141117
142,PHO,-125,20141117
143,BOS,105,20141117
144,HOU,145,20141117
145,MEM,-165,20141117
146,PHI,1500,20141117
147,SAS,-3000,20141117
148,NOP,135,20141117
149,POR,-155,20141117
150,CHI,180,20141117
151,LAC,-220,20141117
152,DAL,-150,20141119
153,WAS,130,20141119
154,SAS,120,20141119
155,CLE,-140,20141119
156,LAC,-210,20141119
157,ORL,175,20141119
158,BOS,-250,20141119
159,PHI,210,20141119
160,CHO,120,20141119
161,IND,-140,20141119
162,PHO,-140,20141119
163,DET,120,20141119
164,MIL,260,20141119
165,BRK,-320,20141119
166,MEM,110,20141119
167,TOR,-130,20141119
168,NYK,105,20141119
169,MIN,-115,20141119
170,OKC,260,20141119
171,DEN,-320,20141119
172,LAL,600,20141119
173,HOU,-900,20141119
174,PHO,-550,20141121
175,PHI,425,20141121
176,ORL,155,20141121
177,CHO,-175,20141121
178,DET,240,20141121
179,ATL,-280,20141121
180,MIL,385,20141121
181,TOR,-485,20141121
182,CLE,-125,20141121
183,WAS,105,20141121
184,BOS,255,20141121
185,MEM,-310,20141121
186,SAS,-400,20141121
187,MIN,325,20141121
188,BRK,100,20141121
189,OKC,-120,20141121
190,LAL,425,20141121
191,DAL,-550,20141121
192,NOP,-140,20141121
193,DEN,120,20141121
194,UTA,600,20141121
195,GSW,-900,20141121
196,CHI,270,20141121
197,POR,-330,20141121
198,MIA,102,20141122
199,ORL,-112,20141122
200,PHO,-120,20141122
201,IND,100,20141122
202,TOR,145,20141122
203,CLE,-165,20141122
204,PHI,650,20141122
205,NYK,-1000,20141122
206,SAC,-400,20141122
207,MIN,325,20141122
208,DAL,-140,20141122
209,HOU,130,20141122
210,BRK,460,20141122
211,SAS,-620,20141122
212,WAS,-150,20141122
213,MIL,130,20141122
214,NOP,-140,20141122
215,UTA,120,20141122
216,ORL,360,20141124
217,CLE,-450,20141124
218,POR,-1100,20141124
219,PHI,700,20141124
220,LAC,-210,20141124
221,CHO,175,20141124
222,PHO,175,20141124
223,TOR,-210,20141124
224,NYK,325,20141124
225,HOU,-400,20141124
226,IND,700,20141124
227,DAL,-1100,20141124
228,CHI,-125,20141124
229,UTA,105,20141124
230,BRK,-380,20141126
231,PHI,315,20141126
232,WAS,240,20141126
233,CLE,-280,20141126
234,GSW,-430,20141126
235,ORL,380,20141126
236,POR,-280,20141126
237,CHO,240,20141126
238,LAC,-400,20141126
239,DET,325,20141126
240,TOR,-230,20141126
241,ATL,190,20141126
242,NYK,725,20141126
243,DAL,-925,20141126
244,MIL,-118,20141126
245,MIN,108,20141126
246,SAC,190,20141126
247,HOU,-210,20141126
248,UTA,160,20141126
249,OKC,-185,20141126
250,IND,800,20141126
251,SAS,-1250,20141126
252,DEN,245,20141126
253,PHO,-265,20141126
254,MEM,-280,20141126
255,LAL,240,20141126
256,NOP,170,20141129
257,WAS,-185,20141129
258,DAL,-1000,20141129
259,PHI,650,20141129
260,IND,420,20141129
261,CLE,-475,20141129
262,CHO,180,20141129
263,ATL,-195,20141129
264,HOU,120,20141129
265,MIL,-130,20141129
266,LAC,-230,20141129
267,UTA,190,20141129
268,MIL,500,20141202
269,CLE,-700,20141202
270,BOS,240,20141202
271,ATL,-280,20141202
272,LAL,100,20141202
273,DET,-120,20141202
274,BRK,-120,20141202
275,NYK,100,20141202
276,OKC,-140,20141202
277,NOP,120,20141202
278,DAL,120,20141202
279,CHI,-140,20141202
280,POR,-160,20141202
281,DEN,140,20141202
282,IND,240,20141202
283,PHO,-280,20141202
284,TOR,-117,20141202
285,SAC,-103,20141202
286,ORL,1000,20141202
287,GSW,-1200,20141202
288,CLE,-380,20141204
289,NYK,315,20141204
290,IND,350,20141204
291,POR,-440,20141204
292,NOP,350,20141204
293,GSW,-440,20141204
294,DEN,160,20141205
295,WAS,-185,20141205
296,OKC,-1100,20141205
297,PHI,700,20141205
298,NYK,160,20141205
299,CHO,-185,20141205
300,ATL,-125,20141205
301,BRK,105,20141205
302,CLE,155,20141205
303,TOR,-175,20141205
304,LAL,145,20141205
305,BOS,-165,20141205
306,SAS,105,20141205
307,MEM,-125,20141205
308,HOU,-280,20141205
309,MIN,240,20141205
310,PHO,190,20141205
311,DAL,-230,20141205
312,MIA,110,20141205
313,MIL,-130,20141205
314,ORL,170,20141205
315,UTA,-200,20141205
316,IND,145,20141205
317,SAC,-165,20141205
318,BOS,385,20141208
319,WAS,-485,20141208
320,ATL,105,20141208
321,IND,-125,20141208
322,CLE,-355,20141208
323,BRK,295,20141208
324,DEN,385,20141208
325,TOR,-485,20141208
326,GSW,-1100,20141208
327,MIN,700,20141208
328,UTA,185,20141208
329,SAC,-225,20141208
330,PHO,290,20141208
331,LAC,-350,20141208
332,TOR,225,20141209
333,CLE,-265,20141209
334,POR,-350,20141209
335,DET,290,20141209
336,DAL,135,20141209
337,MEM,-155,20141209
338,NYK,250,20141209
339,NOP,-300,20141209
340,MIL,480,20141209
341,OKC,-570,20141209
342,SAS,-450,20141209
343,UTA,360,20141209
344,MIA,185,20141209
345,PHO,-200,20141209
346,SAC,130,20141209
347,LAL,-140,20141209
348,CLE,120,20141211
349,OKC,-140,20141211
350,HOU,-115,20141211
351,SAC,105,20141211
352,POR,110,20141212
353,CHI,-130,20141212
354,LAC,-140,20141212
355,WAS,120,20141212
356,NYK,250,20141212
357,BOS,-300,20141212
358,ORL,320,20141212
359,ATL,-390,20141212
360,IND,385,20141212
361,TOR,-485,20141212
362,PHI,265,20141212
363,BRK,-325,20141212
364,CHO,460,20141212
365,MEM,-620,20141212
366,OKC,-485,20141212
367,MIN,385,20141212
368,CLE,115,20141212
369,NOP,-135,20141212
370,MIA,105,20141212
371,UTA,-125,20141212
372,DET,425,20141212
373,PHO,-550,20141212
374,LAL,800,20141212
375,SAS,-1250,20141212
376,CHO,460,20141215
377,CLE,-620,20141215
378,BOS,-185,20141215
379,PHI,160,20141215
380,LAL,175,20141215
381,IND,-210,20141215
382,ORL,280,20141215
383,TOR,-340,20141215
384,CHI,105,20141215
385,ATL,-125,20141215
386,MIL,160,20141215
387,PHO,-185,20141215
388,SAS,185,20141215
389,POR,-225,20141215
390,DET,700,20141215
391,LAC,-1100,20141215
392,ATL,190,20141217
393,CLE,-230,20141217
394,PHO,-115,20141217
395,CHO,105,20141217
396,UTA,160,20141217
397,MIA,-170,20141217
398,DAL,-290,20141217
399,DET,245,20141217
400,ORL,145,20141217
401,BOS,-165,20141217
402,BRK,500,20141217
403,TOR,-700,20141217
404,MEM,135,20141217
405,SAS,-145,20141217
406,MIL,385,20141217
407,POR,-485,20141217
408,HOU,-105,20141217
409,DEN,-105,20141217
410,IND,600,20141217
411,LAC,-900,20141217
412,UTA,130,20141219
413,ORL,-150,20141219
414,CHO,-185,20141219
415,PHI,160,20141219
416,MIN,220,20141219
417,BOS,-260,20141219
418,TOR,-350,20141219
419,DET,290,20141219
420,BRK,650,20141219
421,CLE,-1000,20141219
422,WAS,-200,20141219
423,MIA,185,20141219
424,CHI,235,20141219
425,MEM,-255,20141219
426,POR,160,20141219
427,SAS,-185,20141219
428,LAC,-180,20141219
429,DEN,158,20141219
430,OKC,-210,20141219
431,LAL,175,20141219
432,NYK,800,20141221
433,TOR,-1250,20141221
434,MEM,160,20141221
435,CLE,-170,20141221
436,DET,125,20141221
437,BRK,-135,20141221
438,BOS,110,20141221
439,MIA,-130,20141221
440,PHI,350,20141221
441,ORL,-440,20141221
442,PHO,240,20141221
443,WAS,-280,20141221
444,LAL,260,20141221
445,SAC,-320,20141221
446,IND,-140,20141221
447,MIN,120,20141221
448,NOP,305,20141221
449,OKC,-335,20141221
450,BOS,130,20141223
451,ORL,-150,20141223
452,CHI,145,20141223
453,WAS,-165,20141223
454,NOP,-125,20141223
455,IND,105,20141223
456,MIN,1100,20141223
457,CLE,-1400,20141223
458,DEN,115,20141223
459,BRK,-125,20141223
460,PHI,255,20141223
461,MIA,-310,20141223
462,LAC,115,20141223
463,ATL,-125,20141223
464,POR,270,20141223
465,OKC,-300,20141223
466,CHO,210,20141223
467,MIL,-250,20141223
468,DAL,110,20141223
469,PHO,-130,20141223
470,GSW,-575,20141223
471,LAL,485,20141223
472,WAS,-230,20141225
473,NYK,190,20141225
474,OKC,180,20141225
475,SAS,-220,20141225
476,CLE,-235,20141225
477,MIA,215,20141225
478,LAL,500,20141225
479,CHI,-700,20141225
480,GSW,110,20141225
481,LAC,-130,20141225
482,BRK,110,20141226
483,BOS,-130,20141226
484,CLE,-185,20141226
485,ORL,160,20141226
486,IND,-150,20141226
487,DET,130,20141226
488,MIL,350,20141226
489,ATL,-440,20141226
490,HOU,120,20141226
491,MEM,-140,20141226
492,SAS,150,20141226
493,NOP,-170,20141226
494,CHO,220,20141226
495,OKC,-260,20141226
496,LAL,700,20141226
497,DAL,-1100,20141226
498,MIN,550,20141226
499,DEN,-800,20141226
500,PHI,1200,20141226
501,POR,-1900,20141226
502,PHO,-125,20141226
503,SAC,105,20141226
504,DET,380,20141228
505,CLE,-475,20141228
506,HOU,-102,20141228
507,SAS,-118,20141228
508,OKC,135,20141228
509,DAL,-155,20141228
510,TOR,-135,20141228
511,DEN,125,20141228
512,NYK,700,20141228
513,POR,-900,20141228
514,PHO,-220,20141228
515,LAL,180,20141228
516,DET,-120,20141230
517,ORL,100,20141230
518,CLE,135,20141230
519,ATL,-155,20141230
520,SAS,110,20141230
521,MEM,-130,20141230
522,BRK,600,20141230
523,CHI,-900,20141230
524,PHO,110,20141230
525,NOP,-130,20141230
526,WAS,170,20141230
527,DAL,-200,20141230
528,MIN,275,20141230
529,UTA,-305,20141230
530,LAL,315,20141230
531,DEN,-380,20141230
532,TOR,125,20141230
533,POR,-135,20141230
534,PHI,1500,20141230
535,GSW,-3000,20141230
536,SAC,-130,20141231
537,BOS,110,20141231
538,MIA,155,20141231
539,IND,-175,20141231
540,NYK,775,20141231
541,LAC,-1200,20141231
542,MIL,210,20141231
543,CLE,-230,20141231
544,NOP,175,20141231
545,SAS,-190,20141231
546,CHO,675,20141231
547,HOU,-860,20141231
548,PHO,255,20141231
549,OKC,-310,20141231
550,CLE,-130,20150102
551,CHO,110,20150102
552,BRK,-125,20150102
553,ORL,105,20150102
554,DET,-130,20150102
555,NYK,110,20150102
556,DAL,-250,20150102
557,BOS,210,20150102
558,HOU,-130,20150102
559,NOP,110,20150102
560,WAS,280,20150102
561,OKC,-340,20150102
562,IND,105,20150102
563,MIL,-125,20150102
564,PHI,1000,20150102
565,PHO,-1500,20150102
566,ATL,-175,20150102
567,UTA,155,20150102
568,TOR,175,20150102
569,GSW,-210,20150102
570,MEM,-210,20150102
571,LAL,175,20150102
572,DAL,-320,20150104
573,CLE,260,20150104
574,BRK,-140,20150104
575,MIA,120,20150104
576,SAC,130,20150104
577,DET,-150,20150104
578,MIL,-250,20150104
579,NYK,210,20150104
580,TOR,100,20150104
581,PHO,-120,20150104
582,IND,-125,20150104
583,LAL,105,20150104
584,CLE,-185,20150105
585,PHI,160,20150105
586,DAL,-260,20150105
587,BRK,220,20150105
588,CHO,190,20150105
589,BOS,-230,20150105
590,DEN,-165,20150105
591,MIN,145,20150105
592,HOU,135,20150105
593,CHI,-155,20150105
594,WAS,130,20150105
595,NOP,-150,20150105
596,NYK,1050,20150105
597,MEM,-1600,20150105
598,IND,110,20150105
599,UTA,-130,20150105
600,LAL,650,20150105
601,POR,-1000,20150105
602,ATL,175,20150105
603,LAC,-210,20150105
604,OKC,130,20150105
605,GSW,-150,20150105
606,HOU,-310,20150107
607,CLE,255,20150107
608,NOP,-175,20150107
609,CHO,155,20150107
610,MIL,-260,20150107
611,PHI,220,20150107
612,NYK,1300,20150107
613,WAS,-1650,20150107
614,BOS,170,20150107
615,BRK,-200,20150107
616,MEM,150,20150107
617,ATL,-160,20150107
618,UTA,475,20150107
619,CHI,-650,20150107
620,DET,385,20150107
621,DAL,-485,20150107
622,ORL,295,20150107
623,DEN,-325,20150107
624,PHO,-440,20150107
625,MIN,350,20150107
626,OKC,-350,20150107
627,SAC,290,20150107
628,IND,550,20150107
629,GSW,-800,20150107
630,LAL,500,20150107
631,LAC,-700,20150107
632,BOS,155,20150109
633,IND,-175,20150109
634,PHI,550,20150109
635,BRK,-800,20150109
636,ATL,-150,20150109
637,DET,130,20150109
638,CHI,100,20150109
639,WAS,-120,20150109
640,UTA,600,20150109
641,OKC,-900,20150109
642,MEM,110,20150109
643,NOP,-130,20150109
644,MIN,360,20150109
645,MIL,-450,20150109
646,PHO,175,20150109
647,SAS,-210,20150109
648,DEN,145,20150109
649,SAC,-165,20150109
650,CLE,650,20150109
651,GSW,-1000,20150109
652,ORL,140,20150109
653,LAL,-160,20150109
654,WAS,160,20150111
655,ATL,-185,20150111
656,MIA,460,20150111
657,LAC,-620,20150111
658,PHO,190,20150111
659,MEM,-230,20150111
660,CLE,145,20150111
661,SAC,-165,20150111
662,POR,-280,20150111
663,LAL,240,20150111
664,MIN,510,20150113
665,IND,-615,20150113
666,ATL,-800,20150113
667,PHI,550,20150113
668,SAS,105,20150113
669,WAS,-125,20150113
670,CLE,160,20150113
671,PHO,-185,20150113
672,GSW,-350,20150113
673,UTA,290,20150113
674,DAL,-210,20150113
675,SAC,175,20150113
676,MIA,-103,20150113
677,LAL,-107,20150113
678,NYK,210,20150115
679,MIL,-250,20150115
680,OKC,105,20150115
681,HOU,-125,20150115
682,CLE,-250,20150115
683,LAL,210,20150115
684,NOP,-300,20150116
685,PHI,270,20150116
686,BRK,425,20150116
687,WAS,-550,20150116
688,DET,-125,20150116
689,IND,105,20150116
690,MEM,-250,20150116
691,ORL,230,20150116
692,ATL,105,20150116
693,TOR,-125,20150116
694,CHI,-210,20150116
695,BOS,175,20150116
696,GSW,-140,20150116
697,OKC,120,20150116
698,DEN,310,20150116
699,DAL,-370,20150116
700,POR,160,20150116
701,SAS,-185,20150116
702,MIN,950,20150116
703,PHO,-1450,20150116
704,LAL,290,20150116
705,UTA,-350,20150116
706,MIA,160,20150116
707,SAC,-170,20150116
708,CLE,328,20150116
709,LAC,-365,20150116
710,MIN,220,20150119
711,CHO,-260,20150119
712,PHI,1300,20150119
713,WAS,-2150,20150119
714,DET,290,20150119
715,ATL,-350,20150119
716,BOS,650,20150119
717,LAC,-1000,20150119
718,DEN,1300,20150119
719,GSW,-2150,20150119
720,DAL,125,20150119
721,MEM,-145,20150119
722,NOP,-310,20150119
723,NYK,255,20150119
724,IND,425,20150119
725,HOU,-550,20150119
726,CHI,150,20150119
727,CLE,-170,20150119
728,TOR,-120,20150119
729,MIL,100,20150119
730,LAL,475,20150119
731,PHO,-650,20150119
732,SAC,525,20150119
733,POR,-750,20150119
734,UTA,500,20150121
735,CLE,-700,20150121
736,MIA,190,20150121
737,CHO,-230,20150121
738,NYK,105,20150121
739,PHI,-125,20150121
740,ORL,350,20150121
741,DET,-440,20150121
742,IND,550,20150121
743,ATL,-800,20150121
744,TOR,170,20150121
745,MEM,-200,20150121
746,DAL,-365,20150121
747,MIN,328,20150121
748,LAL,290,20150121
749,NOP,-350,20150121
750,OKC,110,20150121
751,WAS,-130,20150121
752,POR,210,20150121
753,PHO,-250,20150121
754,BRK,195,20150121
755,SAC,-235,20150121
756,HOU,315,20150121
757,GSW,-380,20150121
758,TOR,-800,20150123
759,PHI,550,20150123
760,ORL,-145,20150123
761,NYK,125,20150123
762,IND,160,20150123
763,MIA,-170,20150123
764,OKC,155,20150123
765,ATL,-175,20150123
766,CHO,425,20150123
767,CLE,-550,20150123
768,CHI,255,20150123
769,DAL,-280,20150123
770,NOP,-310,20150123
771,MIN,255,20150123
772,LAL,1100,20150123
773,SAS,-1700,20150123
774,HOU,115,20150123
775,PHO,-135,20150123
776,BOS,390,20150123
777,DEN,-440,20150123
778,SAC,1250,20150123
779,GSW,-2000,20150123
780,MIA,350,20150125
781,CHI,-440,20150125
782,OKC,145,20150125
783,CLE,-165,20150125
784,IND,-135,20150125
785,ORL,115,20150125
786,DAL,-145,20150125
787,NOP,125,20150125
788,MIN,2750,20150125
789,ATL,-6000,20150125
790,LAC,-155,20150125
791,PHO,135,20150125
792,DET,240,20150125
793,TOR,-280,20150125
794,MIL,600,20150125
795,SAS,-900,20150125
796,WAS,-117,20150125
797,DEN,-103,20150125
798,BOS,2500,20150125
799,GSW,-5000,20150125
800,HOU,-380,20150125
801,LAL,315,20150125
802,TOR,-165,20150127
803,IND,145,20150127
804,CLE,-320,20150127
805,DET,260,20150127
806,MIL,155,20150127
807,MIA,-175,20150127
808,MEM,185,20150127
809,DAL,-225,20150127
810,WAS,-390,20150127
811,LAL,320,20150127
812,CHI,425,20150127
813,GSW,-550,20150127
814,DET,-310,20150128
815,PHI,255,20150128
816,POR,195,20150128
817,CLE,-215,20150128
818,SAC,260,20150128
819,TOR,-320,20150128
820,BRK,1100,20150128
821,ATL,-1700,20150128
822,BOS,-185,20150128
823,MIN,160,20150128
824,DEN,210,20150128
825,NOP,-250,20150128
826,DAL,165,20150128
827,HOU,-175,20150128
828,OKC,-475,20150128
829,NYK,380,20150128
830,CHO,925,20150128
831,SAS,-1400,20150128
832,LAC,-310,20150128
833,UTA,255,20150128
834,WAS,195,20150128
835,PHO,-235,20150128
836,MIN,-145,20150130
837,PHI,125,20150130
838,POR,240,20150130
839,ATL,-280,20150130
840,TOR,-320,20150130
841,BRK,260,20150130
842,HOU,-250,20150130
843,BOS,210,20150130
844,SAC,310,20150130
845,CLE,-340,20150130
846,LAC,-235,20150130
847,NOP,215,20150130
848,DAL,-500,20150130
849,MIA,400,20150130
850,GSW,-600,20150130
851,UTA,450,20150130
852,CHI,190,20150130
853,PHO,-230,20150130
854,TOR,155,20150131
855,WAS,-175,20150131
856,DAL,-380,20150131
857,ORL,315,20150131
858,SAC,200,20150131
859,IND,-240,20150131
860,HOU,-200,20150131
861,DET,170,20150131
862,PHI,1750,20150131
863,ATL,-3500,20150131
864,CLE,-550,20150131
865,MIN,425,20150131
866,OKC,255,20150131
867,MEM,-310,20150131
868,POR,-130,20150131
869,MIL,110,20150131
870,LAC,180,20150131
871,SAS,-220,20150131
872,CHO,210,20150131
873,DEN,-250,20150131
874,PHO,425,20150131
875,GSW,-550,20150131
876,PHI,1500,20150202
877,CLE,-3000,20150202
878,CHO,275,20150202
879,WAS,-305,20150202
880,MIL,245,20150202
881,TOR,-290,20150202
882,LAC,-440,20150202
883,BRK,390,20150202
884,ATL,-200,20150202
885,NOP,170,20150202
886,ORL,925,20150202
887,OKC,-1400,20150202
888,MIN,575,20150202
889,DAL,-850,20150202
890,MEM,-145,20150202
891,PHO,125,20150202
892,WAS,105,20150205
893,CHO,-125,20150205
894,LAC,170,20150205
895,CLE,-200,20150205
896,DAL,-130,20150205
897,SAC,110,20150205
898,PHO,160,20150205
899,POR,-185,20150205
900,NYK,245,20150206
901,BRK,-290,20150206
902,CLE,-255,20150206
903,IND,215,20150206
904,LAL,145,20150206
905,ORL,-165,20150206
906,LAC,125,20150206
907,TOR,-145,20150206
908,GSW,-125,20150206
909,ATL,105,20150206
910,DEN,210,20150206
911,DET,-250,20150206
912,PHI,245,20150206
913,BOS,-290,20150206
914,MIL,195,20150206
915,HOU,-235,20150206
916,NOP,170,20150206
917,OKC,-200,20150206
918,MEM,-380,20150206
919,MIN,315,20150206
920,UTA,175,20150206
921,PHO,-210,20150206
922,MIA,450,20150206
923,SAS,-600,20150206
924,LAC,145,20150208
925,OKC,-165,20150208
926,LAL,1150,20150208
927,CLE,-1800,20150208
928,ATL,115,20150208
929,MEM,-135,20150208
930,IND,115,20150208
931,CHO,-135,20150208
932,MIN,210,20150208
933,DET,-250,20150208
934,CHI,-250,20150208
935,ORL,210,20150208
936,SAS,-120,20150208
937,TOR,100,20150208
938,POR,160,20150208
939,HOU,-185,20150208
940,PHO,-250,20150208
941,SAC,230,20150208
942,NYK,175,20150211
943,ORL,-210,20150211
944,WAS,170,20150211
945,TOR,-200,20150211
946,SAS,-235,20150211
947,DET,195,20150211
948,ATL,-330,20150211
949,BOS,270,20150211
950,MEM,210,20150211
951,OKC,-250,20150211
952,SAC,380,20150211
953,MIL,-475,20150211
954,MIA,550,20150211
955,CLE,-800,20150211
956,IND,145,20150211
957,NOP,-165,20150211
958,GSW,-500,20150211
959,MIN,400,20150211
960,UTA,145,20150211
961,DAL,-165,20150211
962,LAL,1000,20150211
963,POR,-1500,20150211
964,HOU,145,20150211
965,LAC,-165,20150211
966,CLE,-118,20150212
967,CHI,-102,20150212
968,NOP,-220,20150220
969,ORL,180,20150220
970,IND,-330,20150220
971,PHI,270,20150220
972,TOR,170,20150220
973,ATL,-200,20150220
974,MIA,-225,20150220
975,NYK,185,20150220
976,CHI,-235,20150220
977,DET,195,20150220
978,CLE,-155,20150220
979,WAS,135,20150220
980,PHO,125,20150220
981,MIN,-145,20150220
982,DEN,305,20150220
983,MIL,-335,20150220
984,HOU,110,20150220
985,DAL,-130,20150220
986,POR,-220,20150220
987,UTA,180,20150220
988,BOS,145,20150220
989,SAC,-165,20150220
990,BRK,-165,20150220
991,LAL,145,20150220
992,SAS,250,20150220
993,GSW,-300,20150220
994,CLE,-2000,20150222
995,NYK,1500,20150222
996,ATL,-175,20150222
997,MIL,155,20150222
998,WAS,-120,20150222
999,DET,100,20150222
1000,PHI,315,20150222
1001,ORL,-380,20150222
1002,GSW,-250,20150222
1003,IND,210,20150222
1004,DEN,450,20150222
1005,OKC,-600,20150222
1006,CHO,450,20150222
1007,DAL,-600,20150222
1008,MEM,145,20150222
1009,POR,-165,20150222
1010,BOS,-135,20150222
1011,LAL,115,20150222
1012,GSW,-200,20150224
1013,WAS,170,20150224
1014,CLE,-290,20150224
1015,DET,245,20150224
1016,IND,245,20150224
1017,OKC,-290,20150224
1018,TOR,155,20150224
1019,DAL,-175,20150224
1020,GSW,145,20150226
1021,CLE,-165,20150226
1022,OKC,-215,20150226
1023,PHO,178,20150226
1024,WAS,-440,20150227
1025,PHI,350,20150227
1026,CLE,-150,20150227
1027,IND,140,20150227
1028,NYK,1000,20150227
1029,DET,-1500,20150227
1030,ORL,600,20150227
1031,ATL,-900,20150227
1032,GSW,-103,20150227
1033,TOR,-107,20150227
1034,CHO,115,20150227
1035,BOS,-135,20150227
1036,LAC,170,20150227
1037,MEM,-200,20150227
1038,BRK,210,20150227
1039,HOU,-250,20150227
1040,MIA,-125,20150227
1041,NOP,105,20150227
1042,MIN,210,20150227
1043,CHI,-250,20150227
1044,UTA,-165,20150227
1045,DEN,145,20150227
1046,SAS,-325,20150227
1047,SAC,295,20150227
1048,MIL,-220,20150227
1049,LAL,180,20150227
1050,OKC,170,20150227
1051,POR,-200,20150227
1052,LAC,-105,20150301
1053,CHI,-105,20150301
1054,CLE,-105,20150301
1055,HOU,-105,20150301
1056,CHO,-125,20150301
1057,ORL,105,20150301
1058,GSW,-440,20150301
1059,BOS,350,20150301
1060,PHI,600,20150301
1061,IND,-900,20150301
1062,POR,-390,20150301
1063,SAC,320,20150301
1064,OKC,-160,20150301
1065,LAL,140,20150301
1066,NOP,-220,20150301
1067,DEN,180,20150301
1068,LAL,315,20150303
1069,CHO,-380,20150303
1070,BOS,600,20150303
1071,CLE,-900,20150303
1072,SAC,-145,20150303
1073,NYK,125,20150303
1074,HOU,380,20150303
1075,ATL,-430,20150303
1076,UTA,270,20150303
1077,MEM,-330,20150303
1078,WAS,-117,20150303
1079,CHI,107,20150303
1080,MIL,-220,20150303
1081,DEN,180,20150303
1082,NYK,1000,20150304
1083,IND,-1500,20150304
1084,PHO,-175,20150304
1085,ORL,155,20150304
1086,UTA,100,20150304
1087,BOS,-120,20150304
1088,CLE,-190,20150304
1089,TOR,175,20150304
1090,CHO,180,20150304
1091,BRK,-220,20150304
1092,DEN,190,20150304
1093,MIN,-230,20150304
1094,MEM,150,20150304
1095,HOU,-170,20150304
1096,LAL,355,20150304
1097,MIA,-400,20150304
1098,PHI,1350,20150304
1099,OKC,-1750,20150304
1100,DET,150,20150304
1101,NOP,-160,20150304
1102,SAC,438,20150304
1103,SAS,-575,20150304
1104,POR,115,20150304
1105,LAC,-125,20150304
1106,MIL,1050,20150304
1107,GSW,-1300,20150304
1108,TOR,-105,20150306
1109,CHO,-105,20150306
1110,CHI,195,20150306
1111,IND,-235,20150306
1112,SAC,-120,20150306
1113,ORL,100,20150306
1114,UTA,-250,20150306
1115,PHI,210,20150306
1116,CLE,-120,20150306
1117,ATL,100,20150306
1118,PHO,125,20150306
1119,BRK,-145,20150306
1120,LAL,700,20150306
1121,MEM,-1100,20150306
1122,DET,270,20150306
1123,HOU,-330,20150306
1124,BOS,245,20150306
1125,NOP,-290,20150306
1126,DEN,700,20150306
1127,SAS,-1100,20150306
1128,DAL,465,20150306
1129,GSW,-630,20150306
1130,MEM,-120,20150307
1131,NOP,100,20150307
1132,SAC,160,20150307
1133,MIA,-185,20150307
1134,ATL,-600,20150307
1135,PHI,450,20150307
1136,IND,-440,20150307
1137,NYK,350,20150307
1138,PHO,475,20150307
1139,CLE,-650,20150307
1140,POR,-175,20150307
1141,MIN,155,20150307
1142,WAS,160,20150307
1143,MIL,-185,20150307
1144,HOU,-210,20150307
1145,DEN,175,20150307
1146,ORL,380,20150310
1147,IND,-475,20150310
1148,NOP,135,20150310
1149,BRK,-155,20150310
1150,TOR,270,20150310
1151,SAS,-330,20150310
1152,CLE,-175,20150310
1153,DAL,155,20150310
1154,NYK,1050,20150310
1155,UTA,-1600,20150310
1156,DET,-135,20150310
1157,LAL,115,20150310
1158,MIL,290,20150312
1159,IND,-320,20150312
1160,MEM,105,20150312
1161,WAS,-125,20150312
1162,HOU,-102,20150312
1163,UTA,-118,20150312
1164,CLE,-117,20150312
1165,SAS,107,20150312
1166,NYK,270,20150312
1167,LAL,-330,20150312
1168,CHI,300,20150315
1169,OKC,-360,20150315
1170,HOU,145,20150315
1171,LAC,-165,20150315
1172,CLE,-600,20150315
1173,ORL,450,20150315
1174,DEN,255,20150315
1175,NOP,-310,20150315
1176,POR,115,20150315
1177,TOR,-135,20150315
1178,MIN,1000,20150315
1179,SAS,-1500,20150315
1180,NYK,568,20150315
1181,PHO,-700,20150315
1182,ATL,-440,20150315
1183,LAL,350,20150315
1184,TOR,180,20150316
1185,IND,-220,20150316
1186,POR,115,20150316
1187,WAS,-135,20150316
1188,PHI,400,20150316
1189,BOS,-500,20150316
1190,BRK,-125,20150316
1191,MIN,105,20150316
1192,DEN,350,20150316
1193,MEM,-440,20150316
1194,CLE,-200,20150316
1195,MIA,170,20150316
1196,OKC,135,20150316
1197,DAL,-155,20150316
1198,CHO,170,20150316
1199,UTA,-200,20150316
1200,ATL,-210,20150316
1201,SAC,175,20150316
1202,LAL,2750,20150316
1203,GSW,-4000,20150316
1204,BRK,600,20150318
1205,CLE,-900,20150318
1206,DET,-125,20150318
1207,PHI,105,20150318
1208,MIN,568,20150318
1209,TOR,-700,20150318
1210,POR,-145,20150318
1211,MIA,125,20150318
1212,SAS,-185,20150318
1213,MIL,170,20150318
1214,IND,105,20150318
1215,CHI,-125,20150318
1216,ORL,600,20150318
1217,DAL,-900,20150318
1218,BOS,245,20150318
1219,OKC,-290,20150318
1220,LAC,-335,20150318
1221,SAC,305,20150318
1222,ATL,195,20150318
1223,GSW,-235,20150318
1224,WAS,145,20150318
1225,UTA,-165,20150318
1226,NYK,180,20150320
1227,PHI,-220,20150320
1228,POR,-250,20150320
1229,ORL,210,20150320
1230,DEN,215,20150320
1231,MIA,-255,20150320
1232,MIL,135,20150320
1233,BRK,-155,20150320
1234,IND,550,20150320
1235,CLE,-800,20150320
1236,ATL,-135,20150320
1237,OKC,115,20150320
1238,TOR,105,20150320
1239,CHI,-125,20150320
1240,MEM,145,20150320
1241,DAL,-165,20150320
1242,BOS,400,20150320
1243,SAS,-500,20150320
1244,CHO,-150,20150320
1245,SAC,140,20150320
1246,NOP,1025,20150320
1247,GSW,-1250,20150320
1248,WAS,210,20150320
1249,LAC,-250,20150320
1250,MIA,145,20150322
1251,OKC,-165,20150322
1252,SAS,115,20150322
1253,ATL,-135,20150322
1254,CLE,-380,20150322
1255,MIL,315,20150322
1256,NOP,425,20150322
1257,LAC,-550,20150322
1258,NYK,925,20150322
1259,TOR,-1400,20150322
1260,WAS,-165,20150322
1261,SAC,145,20150322
1262,DET,180,20150322
1263,BOS,-220,20150322
1264,DEN,-117,20150322
1265,ORL,-103,20150322
1266,CHO,-175,20150322
1267,MIN,155,20150322
1268,DAL,-165,20150322
1269,PHO,145,20150322
1270,PHI,170,20150322
1271,LAL,-200,20150322
1272,BRK,145,20150325
1273,CHO,-165,20150325
1274,LAC,-2000,20150325
1275,NYK,1250,20150325
1276,IND,145,20150325
1277,WAS,-165,20150325
1278,ATL,-330,20150325
1279,ORL,270,20150325
1280,CHI,-118,20150325
1281,TOR,-102,20150325
1282,MIA,175,20150325
1283,BOS,-210,20150325
1284,CLE,-135,20150325
1285,MEM,115,20150325
1286,HOU,-123,20150325
1287,NOP,103,20150325
1288,LAL,110,20150325
1289,MIN,-130,20150325
1290,POR,160,20150325
1291,UTA,-185,20150325
1292,PHI,550,20150325
1293,DEN,-800,20150325
1294,OKC,270,20150325
1295,SAS,-330,20150325
1296,SAC,315,20150325
1297,PHO,-380,20150325
1298,DET,-125,20150327
1299,ORL,105,20150327
1300,LAC,-900,20150327
1301,PHI,600,20150327
1302,CHO,145,20150327
1303,WAS,-165,20150327
1304,LAL,425,20150327
1305,TOR,-550,20150327
1306,CLE,-440,20150327
1307,BRK,350,20150327
1308,MIA,335,20150327
1309,ATL,-375,20150327
1310,BOS,-550,20150327
1311,NYK,425,20150327
1312,SAC,245,20150327
1313,NOP,-290,20150327
1314,MIN,800,20150327
1315,HOU,-1250,20150327
1316,GSW,-165,20150327
1317,MEM,145,20150327
1318,DAL,350,20150327
1319,SAS,-440,20150327
1320,UTA,115,20150327
1321,DEN,-135,20150327
1322,POR,-120,20150327
1323,PHO,100,20150327
1324,HOU,-145,20150329
1325,WAS,125,20150329
1326,LAL,245,20150329
1327,BRK,-290,20150329
1328,MIN,700,20150329
1329,NOP,-1100,20150329
1330,PHI,1625,20150329
1331,CLE,-3250,20150329
1332,LAC,-220,20150329
1333,BOS,180,20150329
1334,DET,135,20150329
1335,MIA,-155,20150329
1336,DAL,100,20150329
1337,IND,-120,20150329
1338,MEM,315,20150329
1339,SAS,-380,20150329
1340,OKC,-118,20150329
1341,PHO,-102,20150329
1342,MIA,800,20150402
1343,CLE,-1250,20150402
1344,HOU,115,20150402
1345,DAL,-135,20150402
1346,PHO,600,20150402
1347,GSW,-900,20150402
1348,HOU,115,20150405
1349,OKC,-135,20150405
1350,CHI,315,20150405
1351,CLE,-380,20150405
1352,MIA,210,20150405
1353,IND,-230,20150405
1354,GSW,195,20150405
1355,SAS,-215,20150405
1356,PHI,-120,20150405
1357,NYK,100,20150405
1358,UTA,130,20150405
1359,SAC,-140,20150405
1360,LAC,-900,20150405
1361,LAL,600,20150405
1362,WAS,-330,20150408
1363,PHI,270,20150408
1364,CHI,-380,20150408
1365,ORL,315,20150408
1366,TOR,-155,20150408
1367,CHO,135,20150408
1368,BOS,100,20150408
1369,DET,-120,20150408
1370,IND,-1100,20150408
1371,NYK,700,20150408
1372,ATL,175,20150408
1373,BRK,-210,20150408
1374,CLE,-300,20150408
1375,MIL,250,20150408
1376,NOP,175,20150408
1377,MEM,-210,20150408
1378,HOU,180,20150408
1379,SAS,-220,20150408
1380,SAC,500,20150408
1381,UTA,-700,20150408
1382,LAL,550,20150408
1383,DEN,-800,20150408
1384,PHO,350,20150408
1385,DAL,-440,20150408
1386,MIN,2500,20150408
1387,POR,-5000,20150408
1388,TOR,-220,20150410
1389,ORL,180,20150410
1390,IND,-190,20150410
1391,DET,165,20150410
1392,MIL,-440,20150410
1393,NYK,350,20150410
1394,CHO,450,20150410
1395,ATL,-600,20150410
1396,BOS,135,20150410
1397,CLE,-145,20150410
1398,WAS,165,20150410
1399,BRK,-190,20150410
1400,PHO,400,20150410
1401,NOP,-500,20150410
1402,SAC,1000,20150410
1403,OKC,-1500,20150410
1404,SAS,-145,20150410
1405,HOU,125,20150410
1406,DAL,160,20150410
1407,DEN,-170,20150410
1408,MEM,-145,20150410
1409,UTA,125,20150410
1410,MIN,180,20150410
1411,LAL,-220,20150410
1412,BRK,-120,20150412
1413,MIL,100,20150412
1414,CLE,175,20150412
1415,BOS,-210,20150412
1416,CHO,270,20150412
1417,DET,-330,20150412
1418,SAC,450,20150412
1419,DEN,-600,20150412
1420,ATL,110,20150412
1421,WAS,-130,20150412
1422,OKC,145,20150412
1423,IND,-165,20150412
1424,NOP,165,20150412
1425,HOU,-190,20150412
1426,PHO,1500,20150412
1427,SAS,-3000,20150412
1428,DAL,-200,20150412
1429,LAL,170,20150412
1430,HOU,-650,20150413
1431,CHO,475,20150413
1432,MIL,-130,20150413
1433,PHI,110,20150413
1434,DET,240,20150413
1435,CLE,-280,20150413
1436,NYK,1100,20150413
1437,ATL,-1700,20150413
1438,ORL,300,20150413
1439,MIA,-360,20150413
1440,CHI,-112,20150413
1441,BRK,102,20150413
1442,NOP,-1100,20150413
1443,MIN,700,20150413
1444,POR,328,20150413
1445,OKC,-365,20150413
1446,DAL,525,20150413
1447,UTA,-750,20150413
1448,LAL,165,20150413
1449,SAC,-175,20150413
1450,MEM,315,20150413
1451,GSW,-380,20150413
1452,DEN,1500,20150413
1453,LAC,-3000,20150413
1454,CHO,500,20150415
1455,TOR,-600,20150415
1456,OKC,-1500,20150415
1457,MIN,1000,20150415
1458,ATL,215,20150415
1459,CHI,-255,20150415
1460,POR,270,20150415
1461,DAL,-330,20150415
1462,UTA,550,20150415
1463,HOU,-800,20150415
1464,SAS,-210,20150415
1465,NOP,175,20150415
1466,WAS,345,20150415
1467,CLE,-385,20150415
1468,ORL,270,20150415
1469,BRK,-330,20150415
1470,BOS,220,20150415
1471,MIL,-240,20150415
1472,DET,-355,20150415
1473,NYK,320,20150415
1474,MIA,125,20150415
1475,PHI,-145,20150415
1476,IND,-117,20150415
1477,MEM,107,20150415
1478,DEN,500,20150415
1479,GSW,-600,20150415
1480,SAC,150,20150415
1481,LAL,-160,20150415
1482,MIL,325,20141029
1483,CHO,-400,20141029
1484,PHI,250,20141029
1485,IND,-300,20141029
1486,BRK,-130,20141029
1487,BOS,110,20141029
1488,ATL,165,20141029
1489,TOR,-190,20141029
1490,WAS,165,20141029
1491,MIA,-190,20141029
1492,CHI,-175,20141029
1493,NYK,155,20141029
1494,MIN,290,20141029
1495,MEM,-350,20141029
1496,DET,235,20141029
1497,DEN,-275,20141029
1498,HOU,-160,20141029
1499,UTA,140,20141029
1500,LAL,650,20141029
1501,PHO,-1000,20141029
1502,GSW,-170,20141029
1503,SAC,150,20141029
1504,OKC,360,20141029
1505,POR,-450,20141029
1506,HOU,-545,20141103
1507,PHI,465,20141103
1508,OKC,248,20141103
1509,BRK,-270,20141103
1510,NOP,165,20141103
1511,MEM,-175,20141103
1512,BOS,460,20141103
1513,DAL,-620,20141103
1514,SAC,265,20141103
1515,DEN,-295,20141103
1516,UTA,385,20141103
1517,LAC,-485,20141103
1518,POR,160,20141108
1519,LAC,-185,20141108
1520,WAS,-165,20141108
1521,IND,145,20141108
1522,NYK,230,20141108
1523,ATL,-270,20141108
1524,MIN,270,20141108
1525,MIA,-330,20141108
1526,BOS,415,20141108
1527,CHI,-525,20141108
1528,GSW,100,20141108
1529,HOU,-120,20141108
1530,MEM,-220,20141108
1531,MIL,180,20141108
1532,NOP,255,20141108
1533,SAS,-310,20141108
1534,DET,205,20141112
1535,WAS,-245,20141112
1536,UTA,255,20141112
1537,ATL,-310,20141112
1538,OKC,180,20141112
1539,BOS,-220,20141112
1540,IND,325,20141112
1541,MIA,-400,20141112
1542,ORL,205,20141112
1543,NYK,-245,20141112
1544,LAL,550,20141112
1545,NOP,-800,20141112
1546,POR,105,20141112
1547,DEN,-125,20141112
1548,BRK,180,20141112
1549,PHO,-220,20141112
1550,HOU,-270,20141112
1551,MIN,230,20141112
1552,POR,-230,20141123
1553,BOS,190,20141123
1554,CHO,105,20141123
1555,MIA,-125,20141123
1556,LAC,130,20141123
1557,MEM,-150,20141123
1558,GSW,-350,20141123
1559,OKC,290,20141123
1560,DEN,-130,20141123
1561,LAL,110,20141123
1562,CHI,-150,20141128
1563,BOS,140,20141128
1564,GSW,-440,20141128
1565,CHO,350,20141128
1566,NOP,120,20141128
1567,ATL,-140,20141128
1568,DAL,155,20141128
1569,TOR,-175,20141128
1570,MIL,140,20141128
1571,DET,-160,20141128
1572,ORL,175,20141128
1573,IND,-210,20141128
1574,LAC,-165,20141128
1575,HOU,145,20141128
1576,NYK,260,20141128
1577,OKC,-320,20141128
1578,SAC,350,20141128
1579,SAS,-395,20141128
1580,PHO,-102,20141128
1581,DEN,-118,20141128
1582,MEM,145,20141128
1583,POR,-165,20141128
1584,MIN,200,20141128
1585,LAL,-220,20141128
1586,SAS,-350,20141130
1587,BOS,290,20141130
1588,CHI,-140,20141130
1589,BRK,120,20141130
1590,GSW,-400,20141130
1591,DET,325,20141130
1592,MEM,-140,20141130
1593,SAC,120,20141130
1594,MIA,-150,20141130
1595,NYK,130,20141130
1596,ORL,500,20141130
1597,PHO,-700,20141130
1598,MIN,775,20141130
1599,POR,-1200,20141130
1600,TOR,-280,20141130
1601,LAL,240,20141130
1602,CHI,-160,20141203
1603,CHO,140,20141203
1604,LAL,315,20141203
1605,WAS,-380,20141203
1606,DET,160,20141203
1607,BOS,-185,20141203
1608,SAS,-440,20141203
1609,BRK,350,20141203
1610,ATL,1123,20141203
1611,MIA,-1745,20141203
1612,DAL,-185,20141203
1613,MIL,170,20141203
1614,MEM,-210,20141203
1615,HOU,190,20141203
1616,PHI,260,20141203
1617,MIN,-320,20141203
1618,TOR,-175,20141203
1619,UTA,165,20141203
1620,ORL,1500,20141203
1621,LAC,-3000,20141203
1622,WAS,-175,20141207
1623,BOS,155,20141207
1624,DEN,190,20141207
1625,ATL,-230,20141207
1626,OKC,-500,20141207
1627,DET,400,20141207
1628,MIA,350,20141207
1629,MEM,-440,20141207
1630,MIL,385,20141207
1631,DAL,-485,20141207
1632,POR,-320,20141207
1633,NYK,260,20141207
1634,NOP,-145,20141207
1635,LAL,125,20141207
1636,LAC,-320,20141210
1637,IND,260,20141210
1638,WAS,-185,20141210
1639,ORL,170,20141210
1640,BOS,120,20141210
1641,CHO,-140,20141210
1642,PHI,700,20141210
1643,ATL,-1100,20141210
1644,BRK,550,20141210
1645,CHI,-800,20141210
1646,POR,-700,20141210
1647,MIN,500,20141210
1648,NOP,240,20141210
1649,DAL,-280,20141210
1650,NYK,500,20141210
1651,SAS,-700,20141210
1652,MIA,210,20141210
1653,DEN,-230,20141210
1654,HOU,525,20141210
1655,GSW,-750,20141210
1656,TOR,175,20141227
1657,LAC,-210,20141227
1658,ORL,210,20141227
1659,CHO,-250,20141227
1660,BOS,460,20141227
1661,WAS,-620,20141227
1662,MEM,-145,20141227
1663,MIA,125,20141227
1664,NOP,425,20141227
1665,CHI,-550,20141227
1666,IND,110,20141227
1667,BRK,-130,20141227
1668,ATL,-185,20141227
1669,MIL,160,20141227
1670,PHI,380,20141227
1671,UTA,-475,20141227
1672,NYK,190,20141227
1673,SAC,-210,20141227
1674,MIN,1750,20141227
1675,GSW,-2300,20141227
1676,CHO,158,20150103
1677,ORL,-180,20150103
1678,UTA,-130,20150103
1679,MIN,110,20150103
1680,MIA,290,20150103
1681,HOU,-350,20150103
1682,BOS,550,20150103
1683,CHI,-800,20150103
1684,WAS,195,20150103
1685,SAS,-215,20150103
1686,MEM,103,20150103
1687,DEN,-113,20150103
1688,ATL,210,20150103
1689,POR,-250,20150103
1690,PHI,1800,20150103
1691,LAC,-3600,20150103
1692,CHO,-320,20150110
1693,NYK,260,20150110
1694,DAL,130,20150110
1695,LAC,-150,20150110
1696,IND,-270,20150110
1697,PHI,230,20150110
1698,BOS,650,20150110
1699,TOR,-1000,20150110
1700,BRK,175,20150110
1701,DET,-210,20150110
1702,MIL,290,20150110
1703,CHI,-350,20150110
1704,UTA,600,20150110
1705,HOU,-900,20150110
1706,SAS,-600,20150110
1707,MIN,450,20150110
1708,ORL,700,20150110
1709,POR,-1100,20150110
1710,HOU,-280,20150112
1711,BRK,240,20150112
1712,NOP,-210,20150112
1713,BOS,175,20150112
1714,DET,210,20150112
1715,TOR,-250,20150112
1716,ORL,500,20150112
1717,CHI,-700,20150112
1718,HOU,-400,20150114
1719,ORL,325,20150114
1720,SAS,-185,20150114
1721,CHO,160,20150114
1722,NOP,155,20150114
1723,DET,-165,20150114
1724,PHI,1750,20150114
1725,TOR,-3500,20150114
1726,MEM,-250,20150114
1727,BRK,210,20150114
1728,ATL,-320,20150114
1729,BOS,260,20150114
1730,WAS,210,20150114
1731,CHI,-250,20150114
1732,DAL,110,20150114
1733,DEN,-130,20150114
1734,MIA,1400,20150114
1735,GSW,-1800,20150114
1736,LAC,145,20150114
1737,POR,-165,20150114
1738,UTA,260,20150122
1739,MIL,-320,20150122
1740,SAS,-200,20150122
1741,CHI,170,20150122
1742,BOS,240,20150122
1743,POR,-280,20150122
1744,BRK,550,20150122
1745,LAC,-800,20150122
1746,MIN,1250,20150126
1747,OKC,-2000,20150126
1748,ORL,800,20150126
1749,MEM,-1250,20150126
1750,PHI,925,20150126
1751,NOP,-1400,20150126
1752,BOS,315,20150126
1753,UTA,-380,20150126
1754,DEN,800,20150126
1755,LAC,-1250,20150126
1756,SAC,-165,20150126
1757,NYK,145,20150126
1758,POR,-350,20150126
1759,BRK,290,20150126
1760,MIA,145,20150201
1761,BOS,-165,20150201
1762,LAL,135,20150201
1763,NYK,-155,20150201
1764,DEN,-350,20150203
1765,PHI,290,20150203
1766,BOS,100,20150203
1767,NYK,-120,20150203
1768,MIA,155,20150203
1769,DET,-175,20150203
1770,UTA,350,20150203
1771,POR,-440,20150203
1772,GSW,-550,20150203
1773,SAC,425,20150203
1774,DET,145,20150204
1775,IND,-165,20150204
1776,BRK,270,20150204
1777,TOR,-330,20150204
1778,WAS,180,20150204
1779,ATL,-220,20150204
1780,DEN,125,20150204
1781,BOS,-145,20150204
1782,CHI,125,20150204
1783,HOU,-145,20150204
1784,MIA,105,20150204
1785,MIN,-125,20150204
1786,LAL,315,20150204
1787,MIL,-380,20150204
1788,OKC,130,20150204
1789,NOP,-150,20150204
1790,ORL,800,20150204
1791,SAS,-1250,20150204
1792,MEM,-260,20150204
1793,UTA,220,20150204
1794,DAL,425,20150204
1795,GSW,-550,20150204
1796,CHI,-125,20150207
1797,NOP,105,20150207
1798,BRK,200,20150207
1799,WAS,-240,20150207
1800,GSW,-1200,20150207
1801,NYK,775,20150207
1802,CHO,-310,20150207
1803,PHI,255,20150207
1804,POR,125,20150207
1805,DAL,-145,20150207
1806,BOS,195,20150207
1807,MIL,-235,20150207
1808,SAC,185,20150207
1809,UTA,-225,20150207
1810,PHI,475,20150223
1811,MIA,-650,20150223
1812,TOR,-320,20150223
1813,NOP,260,20150223
1814,MIL,270,20150223
1815,CHI,-330,20150223
1816,MIN,400,20150223
1817,HOU,-500,20150223
1818,SAS,-220,20150223
1819,UTA,180,20150223
1820,BOS,295,20150223
1821,PHO,-325,20150223
1822,BRK,-130,20150223
1823,DEN,110,20150223
1824,MEM,140,20150223
1825,LAC,-160,20150223
1826,MIA,-155,20150225
1827,ORL,135,20150225
1828,NYK,700,20150225
1829,BOS,-1100,20150225
1830,DAL,245,20150225
1831,ATL,-265,20150225
1832,WAS,115,20150225
1833,MIN,-135,20150225
1834,BRK,-145,20150225
1835,NOP,125,20150225
1836,PHI,475,20150225
1837,MIL,-650,20150225
1838,LAC,145,20150225
1839,HOU,-165,20150225
1840,CHO,265,20150225
1841,CHI,-325,20150225
1842,PHO,-215,20150225
1843,DEN,195,20150225
1844,LAL,425,20150225
1845,UTA,-550,20150225
1846,MEM,-290,20150225
1847,SAC,245,20150225
1848,SAS,135,20150225
1849,POR,-155,20150225
1850,CHI,425,20150308
1851,SAS,-550,20150308
1852,LAC,340,20150308
1853,GSW,-425,20150308
1854,UTA,115,20150308
1855,BRK,-135,20150308
1856,BOS,-118,20150308
1857,ORL,-102,20150308
1858,CHO,100,20150308
1859,DET,-120,20150308
1860,TOR,245,20150308
1861,OKC,-290,20150308
1862,DAL,-290,20150308
1863,LAL,245,20150308
1864,WAS,115,20150309
1865,CHO,-135,20150309
1866,BOS,130,20150309
1867,MIA,-150,20150309
1868,SAC,550,20150309
1869,ATL,-800,20150309
1870,MEM,-175,20150309
1871,CHI,155,20150309
1872,NOP,115,20150309
1873,MIL,-135,20150309
1874,NYK,400,20150309
1875,DEN,-500,20150309
1876,GSW,-200,20150309
1877,PHO,185,20150309
1878,MIN,310,20150309
1879,LAC,-370,20150309
1880,CHI,-220,20150311
1881,PHI,180,20150311
1882,SAC,300,20150311
1883,CHO,-360,20150311
1884,MEM,-185,20150311
1885,BOS,160,20150311
1886,BRK,160,20150311
1887,MIA,-170,20150311
1888,ORL,270,20150311
1889,MIL,-330,20150311
1890,LAC,245,20150311
1891,OKC,-290,20150311
1892,ATL,-320,20150311
1893,DEN,290,20150311
1894,MIN,185,20150311
1895,PHO,-200,20150311
1896,HOU,135,20150311
1897,POR,-155,20150311
1898,DET,1000,20150311
1899,GSW,-1500,20150311
1900,CHI,-117,20150313
1901,CHO,-103,20150313
1902,SAC,-175,20150313
1903,PHI,155,20150313
1904,ORL,180,20150313
1905,BOS,-220,20150313
1906,MIA,200,20150313
1907,TOR,-240,20150313
1908,MIN,550,20150313
1909,OKC,-800,20150313
1910,LAC,125,20150313
1911,DAL,-145,20150313
1912,GSW,-330,20150313
1913,DEN,270,20150313
1914,ATL,-200,20150313
1915,PHO,170,20150313
1916,DET,350,20150313
1917,POR,-440,20150313
1918,BOS,280,20150314
1919,IND,-310,20150314
1920,SAC,325,20150314
1921,WAS,-400,20150314
1922,BRK,-225,20150314
1923,PHI,185,20150314
1924,MIL,240,20150314
1925,MEM,-280,20150314
1926,DET,270,20150314
1927,UTA,-330,20150314
1928,NYK,2750,20150314
1929,GSW,-6000,20150314
1930,HOU,100,20150323
1931,IND,-120,20150323
1932,MEM,-1500,20150323
1933,NYK,1000,20150323
1934,BOS,155,20150323
1935,BRK,-175,20150323
1936,CHO,180,20150323
1937,CHI,-220,20150323
1938,MIN,700,20150323
1939,UTA,-1100,20150323
1940,WAS,600,20150323
1941,GSW,-900,20150323
1942,BOS,155,20150330
1943,CHO,-175,20150330
1944,LAL,155,20150330
1945,PHI,-175,20150330
1946,HOU,105,20150330
1947,TOR,-125,20150330
1948,MIL,270,20150330
1949,ATL,-330,20150330
1950,UTA,-200,20150330
1951,MIN,170,20150330
1952,SAC,325,20150330
1953,MEM,-400,20150330
1954,PHO,305,20150330
1955,POR,-365,20150330
1956,DET,160,20150401
1957,CHO,-185,20150401
1958,PHI,550,20150401
1959,WAS,-800,20150401
1960,SAS,-450,20150401
1961,ORL,360,20150401
1962,IND,145,20150401
1963,BOS,-165,20150401
1964,BRK,-550,20150401
1965,NYK,425,20150401
1966,CHI,-200,20150401
1967,MIL,170,20150401
1968,TOR,-440,20150401
1969,MIN,350,20150401
1970,DAL,135,20150401
1971,OKC,-155,20150401
1972,SAC,600,20150401
1973,HOU,-900,20150401
1974,DEN,155,20150401
1975,UTA,-175,20150401
1976,LAC,140,20150401
1977,POR,-150,20150401
1978,NOP,-330,20150401
1979,LAL,270,20150401
1980,NYK,1250,20150403
1981,WAS,-2000,20150403
1982,CHO,180,20150403
1983,IND,-220,20150403
1984,TOR,135,20150403
1985,BRK,-155,20150403
1986,MIL,200,20150403
1987,BOS,-220,20150403
1988,OKC,170,20150403
1989,MEM,-200,20150403
1990,ORL,-155,20150403
1991,MIN,135,20150403
1992,DET,400,20150403
1993,CHI,-500,20150403
1994,DEN,800,20150403
1995,SAS,-1250,20150403
1996,NOP,-220,20150403
1997,SAC,180,20150403
1998,POR,-600,20150403
1999,LAL,450,20150403
2000,PHI,270,20150404
2001,CHO,-330,20150404
2002,MIA,-105,20150404
2003,DET,-105,20150404
2004,BOS,135,20150404
2005,TOR,-155,20150404
2006,BRK,350,20150404
2007,ATL,-440,20150404
2008,WAS,260,20150404
2009,MEM,-320,20150404
2010,ORL,325,20150404
2011,MIL,-400,20150404
2012,GSW,-190,20150404
2013,DAL,165,20150404
2014,LAC,-550,20150404
2015,DEN,425,20150404
2016,UTA,105,20150404
2017,PHO,-125,20150404
2018,NOP,180,20150404
2019,POR,-220,20150404
2020,TOR,125,20150414
2021,BOS,-135,20150414
2022,WAS,380,20150414
2023,IND,-430,20150414
2024,LAC,-560,20150414
2025,PHO,475,20150414
2026,ATL,170,20141125
2027,WAS,-200,20141125
2028,GSW,-220,20141125
2029,MIA,180,20141125
2030,DET,135,20141125
2031,MIL,-155,20141125
2032,SAC,135,20141125
2033,NOP,-155,20141125
2034,CHI,150,20141125
2035,DEN,-170,20141125
2036,MIA,185,20141201
2037,WAS,-200,20141201
2038,SAS,-1300,20141201
2039,PHI,850,20141201
2040,DEN,-150,20141201
2041,UTA,130,20141201
2042,MIN,1100,20141201
2043,LAC,-1700,20141201
2044,UTA,600,20141214
2045,WAS,-900,20141214
2046,CHI,-175,20141214
2047,MIA,155,20141214
2048,GSW,-240,20141214
2049,NOP,200,20141214
2050,LAL,-150,20141214
2051,MIN,130,20141214
2052,PHO,240,20141214
2053,OKC,-280,20141214
2054,TOR,-280,20141214
2055,NYK,240,20141214
2056,SAS,-165,20141214
2057,DEN,145,20141214
2058,MIN,775,20141216
2059,WAS,-1200,20141216
2060,MIA,240,20141216
2061,BRK,-280,20141216
2062,DAL,-330,20141216
2063,NYK,270,20141216
2064,UTA,300,20141216
2065,NOP,-360,20141216
2066,GSW,115,20141216
2067,MEM,-135,20141216
2068,OKC,-350,20141216
2069,SAC,290,20141216
2070,CHI,-230,20141229
2071,IND,190,20141229
2072,MIL,145,20141229
2073,CHO,-165,20141229
2074,ORL,200,20141229
2075,MIA,-220,20141229
2076,SAC,105,20141229
2077,BRK,-125,20141229
2078,WAS,155,20141229
2079,HOU,-175,20141229
2080,UTA,650,20141229
2081,LAC,-1000,20141229
2082,IND,115,20150117
2083,CHO,-125,20150117
2084,PHI,775,20150117
2085,DET,-1200,20150117
2086,ATL,-140,20150117
2087,CHI,120,20150117
2088,WAS,-185,20150117
2089,BRK,160,20150117
2090,GSW,120,20150117
2091,HOU,-140,20150117
2092,MIN,600,20150117
2093,DEN,-900,20150117
2094,POR,130,20150117
2095,MEM,-140,20150117
2096,LAC,-280,20150117
2097,SAC,240,20150117
2098,NYK,375,20150124
2099,CHO,-470,20150124
2100,DET,-125,20150124
2101,MIL,105,20150124
2102,PHI,1750,20150124
2103,MEM,-3500,20150124
2104,BRK,160,20150124
2105,UTA,-170,20150124
2106,WAS,-175,20150124
2107,POR,155,20150124
2108,ORL,468,20150209
2109,WAS,-550,20150209
2110,SAS,-190,20150209
2111,IND,165,20150209
2112,GSW,-2300,20150209
2113,PHI,1350,20150209
2114,NYK,170,20150209
2115,MIA,-200,20150209
2116,ATL,-235,20150209
2117,MIN,195,20150209
2118,UTA,200,20150209
2119,NOP,-220,20150209
2120,BRK,160,20150209
2121,MIL,-185,20150209
2122,LAC,360,20150209
2123,DAL,-450,20150209
2124,OKC,-270,20150209
2125,DEN,230,20150209
2126,DET,145,20150228
2127,WAS,-165,20150228
2128,TOR,-1100,20150228
2129,NYK,700,20150228
2130,ATL,-200,20150228
2131,MIA,170,20150228
2132,MEM,-200,20150228
2133,MIN,170,20150228
2134,BRK,360,20150228
2135,DAL,-450,20150228
2136,MIL,145,20150228
2137,UTA,-165,20150228
2138,SAS,103,20150228
2139,PHO,-113,20150228
2140,SAC,460,20141102
2141,LAC,-620,20141102
2142,TOR,130,20141102
2143,MIA,-150,20141102
2144,CHO,155,20141102
2145,NYK,-175,20141102
2146,GSW,145,20141102
2147,POR,-155,20141102
2148,ORL,315,20141109
2149,BRK,-380,20141109
2150,UTA,155,20141109
2151,DET,-175,20141109
2152,SAC,-125,20141109
2153,OKC,105,20141109
2154,PHI,775,20141109
2155,TOR,-1200,20141109
2156,MIA,300,20141109
2157,DAL,-360,20141109
2158,GSW,-118,20141109
2159,PHO,-102,20141109
2160,DEN,325,20141109
2161,POR,-400,20141109
2162,CHO,-165,20141109
2163,LAL,145,20141109
2164,ORL,500,20141111
2165,TOR,-700,20141111
2166,LAL,460,20141111
2167,MEM,-620,20141111
2168,OKC,130,20141111
2169,MIL,-150,20141111
2170,SAC,230,20141111
2171,DAL,-270,20141111
2172,CHO,280,20141111
2173,POR,-340,20141111
2174,SAS,210,20141111
2175,GSW,-250,20141111
2176,GSW,105,20141213
2177,DAL,-125,20141213
2178,ATL,-170,20141213
2179,ORL,150,20141213
2180,POR,-185,20141213
2181,IND,160,20141213
2182,BRK,130,20141213
2183,CHO,-150,20141213
2184,MEM,-700,20141213
2185,PHI,500,20141213
2186,LAC,-210,20141213
2187,MIL,175,20141213
2188,DEN,240,20141213
2189,HOU,-280,20141213
2190,DET,210,20141213
2191,SAC,-250,20141213
2192,PHO,-290,20141220
2193,NYK,260,20141220
2194,POR,170,20141220
2195,NOP,-185,20141220
2196,UTA,160,20141220
2197,CHO,-185,20141220
2198,ATL,185,20141220
2199,HOU,-200,20141220
2200,SAS,535,20141220
2201,DAL,-650,20141220
2202,IND,150,20141220
2203,DEN,-170,20141220
2204,MIL,500,20141220
2205,LAC,-700,20141220
2206,DEN,110,20141222
2207,CHO,-130,20141222
2208,POR,145,20141222
2209,HOU,-165,20141222
2210,UTA,375,20141222
2211,MEM,-470,20141222
2212,TOR,165,20141222
2213,CHI,-175,20141222
2214,ATL,160,20141222
2215,DAL,-185,20141222
2216,LAC,110,20141222
2217,SAS,-120,20141222
2218,SAC,650,20141222
2219,GSW,-1000,20141222
2220,CHO,700,20150108
2221,TOR,-1100,20150108
2222,HOU,-900,20150108
2223,NYK,600,20150108
2224,MIA,350,20150108
2225,POR,-440,20150108
2226,DET,115,20150210
2227,CHO,-135,20150210
2228,BRK,600,20150210
2229,MEM,-900,20150210
2230,HOU,115,20150210
2231,PHO,-135,20150210
2232,SAC,435,20150210
2233,CHI,-500,20150210
2234,DEN,115,20150210
2235,LAL,-135,20150210
2236,OKC,-230,20150221
2237,CHO,190,20150221
2238,NOP,105,20150221
2239,MIA,-125,20150221
2240,PHO,325,20150221
2241,CHI,-400,20150221
2242,TOR,135,20150221
2243,HOU,-155,20150221
2244,SAC,380,20150221
2245,LAC,-475,20150221
2246,SAS,-1250,20150317
2247,NYK,800,20150317
2248,MEM,-185,20150317
2249,DET,160,20150317
2250,MIL,250,20150317
2251,NOP,-300,20150317
2252,ORL,600,20150317
2253,HOU,-900,20150317
2254,CHO,475,20150317
2255,LAC,-650,20150317
2256,ATL,-155,20150328
2257,CHO,135,20150328
2258,NYK,1750,20150328
2259,CHI,-3500,20150328
2260,GSW,-200,20150328
2261,MIL,170,20150328
2262,OKC,-185,20150328
2263,UTA,160,20150328
2264,DEN,350,20150328
2265,POR,-440,20150328
2266,CHO,135,20150407
2267,MIA,-155,20150407
2268,PHO,350,20150407
2269,ATL,-440,20150407
2270,SAS,-220,20150407
2271,OKC,180,20150407
2272,GSW,-165,20150407
2273,NOP,145,20150407
2274,MIN,450,20150407
2275,SAC,-600,20150407
2276,LAL,1750,20150407
2277,LAC,-3500,20150407
2278,PHI,400,20141206
2279,DET,-500,20141206
2280,PHO,-105,20141206
2281,HOU,-105,20141206
2282,GSW,-140,20141206
2283,CHI,120,20141206
2284,MIN,650,20141206
2285,SAS,-1000,20141206
2286,ORL,250,20141206
2287,SAC,-300,20141206
2288,NOP,425,20141206
2289,LAC,-550,20141206
2290,DEN,525,20150101
2291,CHI,-750,20150101
2292,SAC,-117,20150101
2293,MIN,-103,20150101
2294,TOR,-380,20150302
2295,PHI,315,20150302
2296,PHO,140,20150302
2297,MIA,-160,20150302
2298,GSW,-210,20150302
2299,BRK,175,20150302
2300,LAC,-210,20150302
2301,MIN,175,20150302
2302,NOP,323,20150302
2303,DAL,-395,20150302
2304,MIN,-102,20150319
2305,NYK,-118,20150319
2306,DEN,315,20150319
2307,HOU,-380,20150319
2308,NOP,-120,20150319
2309,PHO,110,20150319
2310,UTA,-165,20150319
2311,LAL,145,20150319
2312,NYK,550,20150411
2313,ORL,-800,20150411
2314,TOR,135,20150411
2315,MIA,-155,20150411
2316,PHI,1100,20150411
2317,CHI,-1700,20150411
2318,MEM,340,20150411
2319,LAC,-425,20150411
2320,UTA,260,20150411
2321,POR,-290,20150411
2322,MIN,4500,20150411
2323,GSW,-11000,20150411
2324,DAL,170,20141028
2325,SAS,-200,20141028
2326,ORL,450,20141028
2327,NOP,-600,20141028
2328,HOU,-280,20141028
2329,LAL,240,20141028
2330,SAS,130,20141106
2331,HOU,-150,20141106
2332,DAL,120,20141106
2333,POR,-140,20141106
2334,CHI,120,20141113
2335,TOR,-140,20141113
2336,SAC,230,20141113
2337,MEM,-270,20141113
2338,PHI,775,20141113
2339,DAL,-1200,20141113
2340,BRK,380,20141113
2341,GSW,-475,20141113
2342,DAL,180,20150219
2343,OKC,-220,20150219
2344,SAS,-145,20150219
2345,LAC,125,20150219
2346,OKC,-185,20150305
2347,CHI,160,20150305
2348,DAL,120,20150305
2349,POR,-140,20150305
2350,TOR,-135,20150324
2351,DET,115,20150324
2352,LAL,475,20150324
2353,OKC,-650,20150324
2354,MIA,-125,20150324
2355,MIL,105,20150324
2356,SAS,-155,20150324
2357,DAL,135,20150324
2358,PHI,315,20150324
2359,SAC,-380,20150324
2360,GSW,-350,20150324
2361,POR,290,20150324
2362,DEN,100,20141116
2363,NYK,-120,20141116
2364,MIL,170,20141116
2365,MIA,-185,20141116
2366,HOU,-175,20141116
2367,OKC,155,20141116
2368,GSW,-390,20141116
2369,LAL,320,20141116
2370,LAL,425,20141118
2371,ATL,-550,20141118
2372,NYK,145,20141118
2373,MIL,-165,20141118
2374,OKC,155,20141118
2375,UTA,-175,20141118
2376,NOP,130,20141118
2377,SAC,-150,20141118
2378,NYK,525,20141218
2379,CHI,-750,20141218
2380,NOP,175,20141218
2381,HOU,-210,20141218
2382,MIL,200,20141218
2383,SAC,-240,20141218
2384,OKC,125,20141218
2385,GSW,-145,20141218
2386,PHO,-185,20150106
2387,MIL,160,20150106
2388,DET,320,20150106
2389,SAS,-390,20150106
2390,MIL,-175,20150129
2391,ORL,155,20150129
2392,NYK,310,20150129
2393,IND,-340,20150129
2394,DEN,480,20150129
2395,MEM,-570,20150129
2396,CHI,-420,20150129
2397,LAL,375,20150129
2398,IND,105,20150326
2399,MIL,-125,20150326
2400,BRK,245,20150321
2401,IND,-290,20150321
2402,CHI,-135,20150321
2403,DET,115,20150321
2404,POR,150,20150321
2405,MEM,-170,20150321
2406,PHO,350,20150321
2407,HOU,-440,20150321
2408,UTA,355,20150321
2409,GSW,-400,20150321
2410,NOP,305,20150118
2411,TOR,-335,20150118
2412,OKC,-485,20150118
2413,ORL,385,20150118
2414,UTA,550,20150118
2415,SAS,-800,20150118
2416,LAC,-160,20141120
2417,MIA,140,20141120
2418,CHI,102,20141120
2419,SAC,-112,20141120
2420,ATL,125,20150331
2421,DET,-145,20150331
2422,IND,125,20150331
2423,BRK,-145,20150331
2424,SAS,-250,20150331
2425,MIA,210,20150331
2426,GSW,115,20150331
2427,LAC,-135,20150331
2428,CHI,105,20150409
2429,MIA,-125,20150409
2430,POR,400,20150409
2431,GSW,-500,20150409
2432,OKC,-280,20150120
2433,MIA,240,20150120
2434,SAS,-320,20150120
2435,DEN,260,20150120
2436,POR,245,20150406
2437,BRK,-290,20150406
