,Team,Spread,Date
0,WAS,-3.5,20141030
1,ORL,3.5,20141030
2,NYK,11.5,20141030
3,CLE,-11.5,20141030
4,DET,4.0,20141030
5,MIN,-4.0,20141030
6,UTA,10.0,20141030
7,DAL,-10.0,20141030
8,OKC,12.0,20141030
9,LAC,-12.0,20141030
10,MEM,-6.0,20141031
11,IND,6.0,20141031
12,CLE,4.0,20141031
13,CHI,-4.0,20141031
14,PHI,8.5,20141031
15,MIL,-8.5,20141031
16,POR,-5.5,20141031
17,SAC,5.5,20141031
18,SAS,-1.5,20141031
19,PHO,1.5,20141031
20,LAC,-11.0,20141031
21,LAL,11.0,20141031
22,MIL,3.5,20141104
23,IND,-3.5,20141104
24,OKC,10.5,20141104
25,TOR,-10.5,20141104
26,WAS,1.5,20141104
27,NYK,-1.5,20141104
28,HOU,1.5,20141104
29,MIA,-1.5,20141104
30,ORL,12.5,20141104
31,CHI,-12.5,20141104
32,CHO,3.5,20141104
33,NOP,-3.5,20141104
34,CLE,-2.5,20141104
35,POR,2.5,20141104
36,PHO,-6.0,20141104
37,LAL,6.0,20141104
38,ORL,3.0,20141105
39,PHI,-3.0,20141105
40,MIA,2.5,20141105
41,CHO,-2.5,20141105
42,TOR,1.0,20141105
43,BOS,-1.0,20141105
44,MIN,5.5,20141105
45,BRK,-5.5,20141105
46,NYK,4.0,20141105
47,DET,-4.0,20141105
48,IND,9.0,20141105
49,WAS,-9.0,20141105
50,CHI,-5.5,20141105
51,MIL,5.5,20141105
52,ATL,8.0,20141105
53,SAS,-8.0,20141105
54,MEM,-1.0,20141105
55,PHO,1.0,20141105
56,CLE,-5.0,20141105
57,UTA,5.0,20141105
58,DEN,2.5,20141105
59,SAC,-2.5,20141105
60,LAC,4.5,20141105
61,GSW,-4.5,20141105
62,ATL,1.5,20141107
63,CHO,-1.5,20141107
64,MIN,-2.5,20141107
65,ORL,2.5,20141107
66,CHI,-11.0,20141107
67,PHI,11.0,20141107
68,IND,4.0,20141107
69,BOS,-4.0,20141107
70,NYK,5.5,20141107
71,BRK,-5.5,20141107
72,MIL,4.5,20141107
73,DET,-4.5,20141107
74,WAS,4.0,20141107
75,TOR,-4.0,20141107
76,MEM,-7.0,20141107
77,OKC,7.0,20141107
78,SAC,4.5,20141107
79,PHO,-4.5,20141107
80,DAL,-2.5,20141107
81,UTA,2.5,20141107
82,CLE,-4.5,20141107
83,DEN,4.5,20141107
84,NOP,6.0,20141110
85,CLE,-6.0,20141110
86,UTA,2.0,20141110
87,IND,-2.0,20141110
88,ATL,-1.5,20141110
89,NYK,1.5,20141110
90,DET,9.5,20141110
91,CHI,-9.5,20141110
92,SAS,2.5,20141110
93,LAC,-2.5,20141110
94,MIL,3.0,20141114
95,ORL,-3.0,20141114
96,DEN,3.5,20141114
97,IND,-3.5,20141114
98,MIA,2.5,20141114
99,ATL,-2.5,20141114
100,UTA,3.5,20141114
101,NYK,-3.5,20141114
102,CLE,-5.5,20141114
103,BOS,5.5,20141114
104,MIN,7.0,20141114
105,NOP,-7.0,20141114
106,PHI,17.0,20141114
107,HOU,-17.0,20141114
108,DET,3.5,20141114
109,OKC,-3.5,20141114
110,CHO,5.0,20141114
111,PHO,-5.0,20141114
112,SAS,-7.5,20141114
113,LAL,7.5,20141114
114,ORL,9.0,20141115
115,WAS,-9.0,20141115
116,UTA,10.5,20141115
117,TOR,-10.5,20141115
118,ATL,7.0,20141115
119,CLE,-7.0,20141115
120,IND,9.5,20141115
121,CHI,-9.5,20141115
122,DET,10.0,20141115
123,MEM,-10.0,20141115
124,MIN,11.0,20141115
125,DAL,-11.0,20141115
126,SAS,-2.0,20141115
127,SAC,2.0,20141115
128,BRK,4.5,20141115
129,POR,-4.5,20141115
130,CHO,10.5,20141115
131,GSW,-10.5,20141115
132,PHO,6.5,20141115
133,LAC,-6.5,20141115
134,DEN,11.5,20141117
135,CLE,-11.5,20141117
136,DAL,-2.5,20141117
137,CHO,2.5,20141117
138,ORL,4.5,20141117
139,DET,-4.5,20141117
140,MIA,6.0,20141117
141,BRK,-6.0,20141117
142,PHO,-1.5,20141117
143,BOS,1.5,20141117
144,HOU,3.5,20141117
145,MEM,-3.5,20141117
146,PHI,15.5,20141117
147,SAS,-15.5,20141117
148,NOP,3.5,20141117
149,POR,-3.5,20141117
150,CHI,5.0,20141117
151,LAC,-5.0,20141117
152,DAL,-2.0,20141119
153,WAS,2.0,20141119
154,SAS,2.5,20141119
155,CLE,-2.5,20141119
156,LAC,-4.5,20141119
157,ORL,4.5,20141119
158,BOS,-5.5,20141119
159,PHI,5.5,20141119
160,CHO,2.0,20141119
161,IND,-2.0,20141119
162,PHO,-2.0,20141119
163,DET,2.0,20141119
164,MIL,7.0,20141119
165,BRK,-7.0,20141119
166,MEM,2.5,20141119
167,TOR,-2.5,20141119
168,NYK,-1.5,20141119
169,MIN,1.5,20141119
170,OKC,7.5,20141119
171,DEN,-7.5,20141119
172,LAL,12.0,20141119
173,HOU,-12.0,20141119
174,PHO,-9.5,20141121
175,PHI,9.5,20141121
176,ORL,4.0,20141121
177,CHO,-4.0,20141121
178,DET,6.5,20141121
179,ATL,-6.5,20141121
180,MIL,8.5,20141121
181,TOR,-8.5,20141121
182,CLE,-1.5,20141121
183,WAS,1.5,20141121
184,BOS,7.0,20141121
185,MEM,-7.0,20141121
186,SAS,-8.0,20141121
187,MIN,8.0,20141121
188,BRK,1.0,20141121
189,OKC,-1.0,20141121
190,LAL,9.0,20141121
191,DAL,-9.0,20141121
192,NOP,-2.5,20141121
193,DEN,2.5,20141121
194,UTA,11.5,20141121
195,GSW,-11.5,20141121
196,CHI,7.5,20141121
197,POR,-7.5,20141121
198,MIA,1.0,20141122
199,ORL,-1.0,20141122
200,PHO,-1.5,20141122
201,IND,1.5,20141122
202,TOR,4.5,20141122
203,CLE,-4.5,20141122
204,PHI,12.0,20141122
205,NYK,-12.0,20141122
206,SAC,-8.0,20141122
207,MIN,8.0,20141122
208,DAL,-2.5,20141122
209,HOU,2.5,20141122
210,BRK,9.0,20141122
211,SAS,-9.0,20141122
212,WAS,-2.5,20141122
213,MIL,2.5,20141122
214,NOP,-2.5,20141122
215,UTA,2.5,20141122
216,ORL,9.0,20141124
217,CLE,-9.0,20141124
218,POR,-12.0,20141124
219,PHI,12.0,20141124
220,LAC,-4.5,20141124
221,CHO,4.5,20141124
222,PHO,5.0,20141124
223,TOR,-5.0,20141124
224,NYK,8.5,20141124
225,HOU,-8.5,20141124
226,IND,12.5,20141124
227,DAL,-12.5,20141124
228,CHI,-1.0,20141124
229,UTA,1.0,20141124
230,BRK,-8.0,20141126
231,PHI,8.0,20141126
232,WAS,6.5,20141126
233,CLE,-6.5,20141126
234,GSW,-8.5,20141126
235,ORL,8.5,20141126
236,POR,-6.0,20141126
237,CHO,6.0,20141126
238,LAC,-8.0,20141126
239,DET,8.0,20141126
240,TOR,-3.0,20141126
241,ATL,3.0,20141126
242,NYK,13.0,20141126
243,DAL,-13.0,20141126
244,MIL,-2.5,20141126
245,MIN,2.5,20141126
246,SAC,4.5,20141126
247,HOU,-4.5,20141126
248,UTA,4.5,20141126
249,OKC,-4.5,20141126
250,IND,12.5,20141126
251,SAS,-12.5,20141126
252,DEN,6.5,20141126
253,PHO,-6.5,20141126
254,MEM,-6.5,20141126
255,LAL,6.5,20141126
256,NOP,4.5,20141129
257,WAS,-4.5,20141129
258,DAL,-12.0,20141129
259,PHI,12.0,20141129
260,IND,9.5,20141129
261,CLE,-9.5,20141129
262,CHO,7.0,20141129
263,ATL,-7.0,20141129
264,HOU,0.0,20141129
265,MIL,0.0,20141129
266,LAC,-5.5,20141129
267,UTA,5.5,20141129
268,MIL,10.5,20141202
269,CLE,-10.5,20141202
270,BOS,6.5,20141202
271,ATL,-6.5,20141202
272,LAL,1.5,20141202
273,DET,-1.5,20141202
274,BRK,1.0,20141202
275,NYK,-1.0,20141202
276,OKC,-2.5,20141202
277,NOP,2.5,20141202
278,DAL,2.0,20141202
279,CHI,-2.0,20141202
280,POR,-3.5,20141202
281,DEN,3.5,20141202
282,IND,6.5,20141202
283,PHO,-6.5,20141202
284,TOR,1.0,20141202
285,SAC,-1.0,20141202
286,ORL,13.5,20141202
287,GSW,-13.5,20141202
288,CLE,-7.5,20141204
289,NYK,7.5,20141204
290,IND,8.5,20141204
291,POR,-8.5,20141204
292,NOP,8.0,20141204
293,GSW,-8.0,20141204
294,DEN,4.0,20141205
295,WAS,-4.0,20141205
296,OKC,-12.5,20141205
297,PHI,12.5,20141205
298,NYK,4.5,20141205
299,CHO,-4.5,20141205
300,ATL,-1.5,20141205
301,BRK,1.5,20141205
302,CLE,4.0,20141205
303,TOR,-4.0,20141205
304,LAL,3.5,20141205
305,BOS,-3.5,20141205
306,SAS,1.5,20141205
307,MEM,-1.5,20141205
308,HOU,-6.5,20141205
309,MIN,6.5,20141205
310,PHO,5.5,20141205
311,DAL,-5.5,20141205
312,MIA,1.5,20141205
313,MIL,-1.5,20141205
314,ORL,5.0,20141205
315,UTA,-5.0,20141205
316,IND,3.0,20141205
317,SAC,-3.0,20141205
318,BOS,8.5,20141208
319,WAS,-8.5,20141208
320,ATL,1.0,20141208
321,IND,-1.0,20141208
322,CLE,-7.5,20141208
323,BRK,7.5,20141208
324,DEN,9.0,20141208
325,TOR,-9.0,20141208
326,GSW,-12.5,20141208
327,MIN,12.5,20141208
328,UTA,5.0,20141208
329,SAC,-5.0,20141208
330,PHO,7.5,20141208
331,LAC,-7.5,20141208
332,TOR,5.5,20141209
333,CLE,-5.5,20141209
334,POR,-7.5,20141209
335,DET,7.5,20141209
336,DAL,3.5,20141209
337,MEM,-3.5,20141209
338,NYK,7.0,20141209
339,NOP,-7.0,20141209
340,MIL,10.0,20141209
341,OKC,-10.0,20141209
342,SAS,-9.0,20141209
343,UTA,9.0,20141209
344,MIA,5.0,20141209
345,PHO,-5.0,20141209
346,SAC,2.5,20141209
347,LAL,-2.5,20141209
348,CLE,2.5,20141211
349,OKC,-2.5,20141211
350,HOU,1.0,20141211
351,SAC,-1.0,20141211
352,POR,2.0,20141212
353,CHI,-2.0,20141212
354,LAC,-2.5,20141212
355,WAS,2.5,20141212
356,NYK,7.0,20141212
357,BOS,-7.0,20141212
358,ORL,8.0,20141212
359,ATL,-8.0,20141212
360,IND,9.0,20141212
361,TOR,-9.0,20141212
362,PHI,7.5,20141212
363,BRK,-7.5,20141212
364,CHO,10.0,20141212
365,MEM,-10.0,20141212
366,OKC,-9.0,20141212
367,MIN,9.0,20141212
368,CLE,2.0,20141212
369,NOP,-2.0,20141212
370,MIA,1.5,20141212
371,UTA,-1.5,20141212
372,DET,9.5,20141212
373,PHO,-9.5,20141212
374,LAL,12.5,20141212
375,SAS,-12.5,20141212
376,CHO,10.0,20141215
377,CLE,-10.0,20141215
378,BOS,-4.5,20141215
379,PHI,4.5,20141215
380,LAL,5.0,20141215
381,IND,-5.0,20141215
382,ORL,7.5,20141215
383,TOR,-7.5,20141215
384,CHI,1.0,20141215
385,ATL,-1.0,20141215
386,MIL,4.5,20141215
387,PHO,-4.5,20141215
388,SAS,5.0,20141215
389,POR,-5.0,20141215
390,DET,12.5,20141215
391,LAC,-12.5,20141215
392,ATL,5.5,20141217
393,CLE,-5.5,20141217
394,PHO,-1.5,20141217
395,CHO,1.5,20141217
396,UTA,4.5,20141217
397,MIA,-4.5,20141217
398,DAL,-6.5,20141217
399,DET,6.5,20141217
400,ORL,3.5,20141217
401,BOS,-3.5,20141217
402,BRK,10.5,20141217
403,TOR,-10.5,20141217
404,MEM,3.0,20141217
405,SAS,-3.0,20141217
406,MIL,9.0,20141217
407,POR,-9.0,20141217
408,HOU,0.0,20141217
409,DEN,0.0,20141217
410,IND,11.5,20141217
411,LAC,-11.5,20141217
412,UTA,4.0,20141219
413,ORL,-4.0,20141219
414,CHO,-4.5,20141219
415,PHI,4.5,20141219
416,MIN,6.0,20141219
417,BOS,-6.0,20141219
418,TOR,-7.5,20141219
419,DET,7.5,20141219
420,BRK,12.0,20141219
421,CLE,-12.0,20141219
422,WAS,-5.0,20141219
423,MIA,5.0,20141219
424,CHI,6.5,20141219
425,MEM,-6.5,20141219
426,POR,4.0,20141219
427,SAS,-4.0,20141219
428,LAC,-4.0,20141219
429,DEN,4.0,20141219
430,OKC,-5.5,20141219
431,LAL,5.5,20141219
432,NYK,12.5,20141221
433,TOR,-12.5,20141221
434,MEM,4.0,20141221
435,CLE,-4.0,20141221
436,DET,2.0,20141221
437,BRK,-2.0,20141221
438,BOS,1.5,20141221
439,MIA,-1.5,20141221
440,PHI,8.5,20141221
441,ORL,-8.5,20141221
442,PHO,6.5,20141221
443,WAS,-6.5,20141221
444,LAL,7.0,20141221
445,SAC,-7.0,20141221
446,IND,-2.5,20141221
447,MIN,2.5,20141221
448,NOP,7.0,20141221
449,OKC,-7.0,20141221
450,BOS,3.0,20141223
451,ORL,-3.0,20141223
452,CHI,3.5,20141223
453,WAS,-3.5,20141223
454,NOP,-1.0,20141223
455,IND,1.0,20141223
456,MIN,14.0,20141223
457,CLE,-14.0,20141223
458,DEN,2.0,20141223
459,BRK,-2.0,20141223
460,PHI,7.5,20141223
461,MIA,-7.5,20141223
462,LAC,2.0,20141223
463,ATL,-2.0,20141223
464,POR,7.0,20141223
465,OKC,-7.0,20141223
466,CHO,6.0,20141223
467,MIL,-6.0,20141223
468,DAL,2.0,20141223
469,PHO,-2.0,20141223
470,GSW,-10.0,20141223
471,LAL,10.0,20141223
472,WAS,-5.0,20141225
473,NYK,5.0,20141225
474,OKC,5.0,20141225
475,SAS,-5.0,20141225
476,CLE,-5.5,20141225
477,MIA,5.5,20141225
478,LAL,10.5,20141225
479,CHI,-10.5,20141225
480,GSW,2.5,20141225
481,LAC,-2.5,20141225
482,BRK,2.0,20141226
483,BOS,-2.0,20141226
484,CLE,-5.0,20141226
485,ORL,5.0,20141226
486,IND,-2.5,20141226
487,DET,2.5,20141226
488,MIL,8.5,20141226
489,ATL,-8.5,20141226
490,HOU,2.5,20141226
491,MEM,-2.5,20141226
492,SAS,3.5,20141226
493,NOP,-3.5,20141226
494,CHO,6.0,20141226
495,OKC,-6.0,20141226
496,LAL,12.5,20141226
497,DAL,-12.5,20141226
498,MIN,10.5,20141226
499,DEN,-10.5,20141226
500,PHI,14.5,20141226
501,POR,-14.5,20141226
502,PHO,1.5,20141226
503,SAC,-1.5,20141226
504,DET,9.0,20141228
505,CLE,-9.0,20141228
506,HOU,1.0,20141228
507,SAS,-1.0,20141228
508,OKC,4.0,20141228
509,DAL,-4.0,20141228
510,TOR,-2.0,20141228
511,DEN,2.0,20141228
512,NYK,11.0,20141228
513,POR,-11.0,20141228
514,PHO,-5.0,20141228
515,LAL,5.0,20141228
516,DET,1.5,20141230
517,ORL,-1.5,20141230
518,CLE,3.5,20141230
519,ATL,-3.5,20141230
520,SAS,2.0,20141230
521,MEM,-2.0,20141230
522,BRK,11.5,20141230
523,CHI,-11.5,20141230
524,PHO,2.0,20141230
525,NOP,-2.0,20141230
526,WAS,4.5,20141230
527,DAL,-4.5,20141230
528,MIN,7.5,20141230
529,UTA,-7.5,20141230
530,LAL,7.5,20141230
531,DEN,-7.5,20141230
532,TOR,2.5,20141230
533,POR,-2.5,20141230
534,PHI,18.0,20141230
535,GSW,-18.0,20141230
536,SAC,-1.5,20141231
537,BOS,1.5,20141231
538,MIA,4.0,20141231
539,IND,-4.0,20141231
540,NYK,13.0,20141231
541,LAC,-13.0,20141231
542,MIL,6.5,20141231
543,CLE,-6.5,20141231
544,NOP,3.5,20141231
545,SAS,-3.5,20141231
546,CHO,12.0,20141231
547,HOU,-12.0,20141231
548,PHO,7.5,20141231
549,OKC,-7.5,20141231
550,CLE,-2.0,20150102
551,CHO,2.0,20150102
552,BRK,-1.5,20150102
553,ORL,1.5,20150102
554,DET,-2.0,20150102
555,NYK,2.0,20150102
556,DAL,-5.5,20150102
557,BOS,5.5,20150102
558,HOU,-1.5,20150102
559,NOP,1.5,20150102
560,WAS,7.5,20150102
561,OKC,-7.5,20150102
562,IND,1.5,20150102
563,MIL,-1.5,20150102
564,PHI,14.0,20150102
565,PHO,-14.0,20150102
566,ATL,-4.0,20150102
567,UTA,4.0,20150102
568,TOR,5.0,20150102
569,GSW,-5.0,20150102
570,MEM,-4.5,20150102
571,LAL,4.5,20150102
572,DAL,-7.0,20150104
573,CLE,7.0,20150104
574,BRK,-2.5,20150104
575,MIA,2.5,20150104
576,SAC,2.5,20150104
577,DET,-2.5,20150104
578,MIL,-5.5,20150104
579,NYK,5.5,20150104
580,TOR,1.0,20150104
581,PHO,-1.0,20150104
582,IND,-1.5,20150104
583,LAL,1.5,20150104
584,CLE,4.0,20150105
585,PHI,-4.0,20150105
586,DAL,-6.5,20150105
587,BRK,6.5,20150105
588,CHO,5.0,20150105
589,BOS,-5.0,20150105
590,DEN,-3.5,20150105
591,MIN,3.5,20150105
592,HOU,3.0,20150105
593,CHI,-3.0,20150105
594,WAS,3.0,20150105
595,NOP,-3.0,20150105
596,NYK,13.5,20150105
597,MEM,-13.5,20150105
598,IND,2.0,20150105
599,UTA,-2.0,20150105
600,LAL,12.5,20150105
601,POR,-12.5,20150105
602,ATL,5.5,20150105
603,LAC,-5.5,20150105
604,OKC,3.5,20150105
605,GSW,-3.5,20150105
606,HOU,-7.0,20150107
607,CLE,7.0,20150107
608,NOP,-4.0,20150107
609,CHO,4.0,20150107
610,MIL,-6.0,20150107
611,PHI,6.0,20150107
612,NYK,14.5,20150107
613,WAS,-14.5,20150107
614,BOS,4.5,20150107
615,BRK,-4.5,20150107
616,MEM,3.5,20150107
617,ATL,-3.5,20150107
618,UTA,10.5,20150107
619,CHI,-10.5,20150107
620,DET,9.0,20150107
621,DAL,-9.0,20150107
622,ORL,7.5,20150107
623,DEN,-7.5,20150107
624,PHO,-8.5,20150107
625,MIN,8.5,20150107
626,OKC,-7.0,20150107
627,SAC,7.0,20150107
628,IND,11.0,20150107
629,GSW,-11.0,20150107
630,LAL,10.5,20150107
631,LAC,-10.5,20150107
632,BOS,4.0,20150109
633,IND,-4.0,20150109
634,PHI,11.0,20150109
635,BRK,-11.0,20150109
636,ATL,-3.0,20150109
637,DET,3.0,20150109
638,CHI,1.5,20150109
639,WAS,-1.5,20150109
640,UTA,110.5,20150109
641,OKC,-110.5,20150109
642,MEM,2.0,20150109
643,NOP,-2.0,20150109
644,MIN,9.0,20150109
645,MIL,-9.0,20150109
646,PHO,5.0,20150109
647,SAS,-5.0,20150109
648,DEN,3.5,20150109
649,SAC,-3.5,20150109
650,CLE,12.0,20150109
651,GSW,-12.0,20150109
652,ORL,3.5,20150109
653,LAL,-3.5,20150109
654,WAS,4.0,20150111
655,ATL,-4.0,20150111
656,MIA,9.5,20150111
657,LAC,-9.5,20150111
658,PHO,5.0,20150111
659,MEM,-5.0,20150111
660,CLE,3.0,20150111
661,SAC,-3.0,20150111
662,POR,-6.5,20150111
663,LAL,6.5,20150111
664,MIN,10.5,20150113
665,IND,-10.5,20150113
666,ATL,-11.0,20150113
667,PHI,11.0,20150113
668,SAS,1.5,20150113
669,WAS,-1.5,20150113
670,CLE,4.5,20150113
671,PHO,-4.5,20150113
672,GSW,-7.0,20150113
673,UTA,7.0,20150113
674,DAL,-4.5,20150113
675,SAC,4.5,20150113
676,MIA,2.0,20150113
677,LAL,-2.0,20150113
678,NYK,6.0,20150115
679,MIL,-6.0,20150115
680,OKC,1.5,20150115
681,HOU,-1.5,20150115
682,CLE,-6.0,20150115
683,LAL,6.0,20150115
684,NOP,-8.5,20150116
685,PHI,8.5,20150116
686,BRK,9.5,20150116
687,WAS,-9.5,20150116
688,DET,-1.0,20150116
689,IND,1.0,20150116
690,MEM,-6.0,20150116
691,ORL,6.0,20150116
692,ATL,1.0,20150116
693,TOR,-1.0,20150116
694,CHI,-4.5,20150116
695,BOS,4.5,20150116
696,GSW,-2.5,20150116
697,OKC,2.5,20150116
698,DEN,8.0,20150116
699,DAL,-8.0,20150116
700,POR,4.5,20150116
701,SAS,-4.5,20150116
702,MIN,14.0,20150116
703,PHO,-14.0,20150116
704,LAL,7.5,20150116
705,UTA,-7.5,20150116
706,MIA,3.5,20150116
707,SAC,-3.5,20150116
708,CLE,8.5,20150116
709,LAC,-8.5,20150116
710,MIN,6.0,20150119
711,CHO,-6.0,20150119
712,PHI,14.0,20150119
713,WAS,-14.0,20150119
714,DET,8.0,20150119
715,ATL,-8.0,20150119
716,BOS,12.0,20150119
717,LAC,-12.0,20150119
718,DEN,14.0,20150119
719,GSW,-14.0,20150119
720,DAL,2.5,20150119
721,MEM,-2.5,20150119
722,NOP,-7.0,20150119
723,NYK,7.0,20150119
724,IND,9.5,20150119
725,HOU,-9.5,20150119
726,CHI,3.0,20150119
727,CLE,-3.0,20150119
728,TOR,-1.0,20150119
729,MIL,1.0,20150119
730,LAL,10.5,20150119
731,PHO,-10.5,20150119
732,SAC,11.0,20150119
733,POR,-11.0,20150119
734,UTA,10.0,20150121
735,CLE,-10.0,20150121
736,MIA,6.0,20150121
737,CHO,-6.0,20150121
738,NYK,1.5,20150121
739,PHI,-1.5,20150121
740,ORL,9.0,20150121
741,DET,-9.0,20150121
742,IND,11.0,20150121
743,ATL,-11.0,20150121
744,TOR,5.0,20150121
745,MEM,-5.0,20150121
746,DAL,-8.0,20150121
747,MIN,8.0,20150121
748,LAL,8.0,20150121
749,NOP,-8.0,20150121
750,OKC,2.0,20150121
751,WAS,-2.0,20150121
752,POR,6.5,20150121
753,PHO,-6.5,20150121
754,BRK,5.5,20150121
755,SAC,-5.5,20150121
756,HOU,8.0,20150121
757,GSW,-8.0,20150121
758,TOR,-11.0,20150123
759,PHI,11.0,20150123
760,ORL,-2.5,20150123
761,NYK,2.5,20150123
762,IND,4.0,20150123
763,MIA,-4.0,20150123
764,OKC,4.0,20150123
765,ATL,-4.0,20150123
766,CHO,9.5,20150123
767,CLE,-9.5,20150123
768,CHI,7.0,20150123
769,DAL,-7.0,20150123
770,NOP,-7.0,20150123
771,MIN,7.0,20150123
772,LAL,14.0,20150123
773,SAS,-14.0,20150123
774,HOU,2.5,20150123
775,PHO,-2.5,20150123
776,BOS,9.0,20150123
777,DEN,-9.0,20150123
778,SAC,14.5,20150123
779,GSW,-14.5,20150123
780,MIA,8.5,20150125
781,CHI,-8.5,20150125
782,OKC,3.5,20150125
783,CLE,-3.5,20150125
784,IND,-2.0,20150125
785,ORL,2.0,20150125
786,DAL,-2.5,20150125
787,NOP,2.5,20150125
788,MIN,17.5,20150125
789,ATL,-17.5,20150125
790,LAC,-2.5,20150125
791,PHO,2.5,20150125
792,DET,6.5,20150125
793,TOR,-6.5,20150125
794,MIL,11.5,20150125
795,SAS,-11.5,20150125
796,WAS,-1.0,20150125
797,DEN,1.0,20150125
798,BOS,17.0,20150125
799,GSW,-17.0,20150125
800,HOU,-6.5,20150125
801,LAL,6.5,20150125
802,TOR,-3.5,20150127
803,IND,3.5,20150127
804,CLE,-7.5,20150127
805,DET,7.5,20150127
806,MIL,4.0,20150127
807,MIA,-4.0,20150127
808,MEM,5.5,20150127
809,DAL,-5.5,20150127
810,WAS,-8.0,20150127
811,LAL,8.0,20150127
812,CHI,9.5,20150127
813,GSW,-9.5,20150127
814,DET,-7.0,20150128
815,PHI,7.0,20150128
816,POR,5.5,20150128
817,CLE,-5.5,20150128
818,SAC,7.0,20150128
819,TOR,-7.0,20150128
820,BRK,13.5,20150128
821,ATL,-13.5,20150128
822,BOS,-4.0,20150128
823,MIN,4.0,20150128
824,DEN,6.5,20150128
825,NOP,-6.5,20150128
826,DAL,4.0,20150128
827,HOU,-4.0,20150128
828,OKC,-8.5,20150128
829,NYK,8.5,20150128
830,CHO,12.5,20150128
831,SAS,-12.5,20150128
832,LAC,-7.0,20150128
833,UTA,7.0,20150128
834,WAS,5.5,20150128
835,PHO,-5.5,20150128
836,MIN,-2.5,20150130
837,PHI,2.5,20150130
838,POR,7.0,20150130
839,ATL,-7.0,20150130
840,TOR,-7.5,20150130
841,BRK,7.5,20150130
842,HOU,-6.5,20150130
843,BOS,6.5,20150130
844,SAC,6.5,20150130
845,CLE,-6.5,20150130
846,LAC,-6.5,20150130
847,NOP,6.5,20150130
848,DAL,-9.0,20150130
849,MIA,9.0,20150130
850,GSW,-9.5,20150130
851,UTA,9.5,20150130
852,CHI,5.0,20150130
853,PHO,-5.0,20150130
854,TOR,4.0,20150131
855,WAS,-4.0,20150131
856,DAL,-8.5,20150131
857,ORL,8.5,20150131
858,SAC,5.5,20150131
859,IND,-5.5,20150131
860,HOU,-4.5,20150131
861,DET,4.5,20150131
862,PHI,17.5,20150131
863,ATL,-17.5,20150131
864,CLE,-10.0,20150131
865,MIN,10.0,20150131
866,OKC,7.0,20150131
867,MEM,-7.0,20150131
868,POR,-1.5,20150131
869,MIL,1.5,20150131
870,LAC,5.0,20150131
871,SAS,-5.0,20150131
872,CHO,7.0,20150131
873,DEN,-7.0,20150131
874,PHO,10.0,20150131
875,GSW,-10.0,20150131
876,PHI,16.5,20150202
877,CLE,-16.5,20150202
878,CHO,7.5,20150202
879,WAS,-7.5,20150202
880,MIL,7.0,20150202
881,TOR,-7.0,20150202
882,LAC,-9.0,20150202
883,BRK,9.0,20150202
884,ATL,-5.0,20150202
885,NOP,5.0,20150202
886,ORL,13.5,20150202
887,OKC,-13.5,20150202
888,MIN,12.0,20150202
889,DAL,-12.0,20150202
890,MEM,-2.0,20150202
891,PHO,2.0,20150202
892,WAS,1.5,20150205
893,CHO,-1.5,20150205
894,LAC,4.5,20150205
895,CLE,-4.5,20150205
896,DAL,-2.0,20150205
897,SAC,2.0,20150205
898,PHO,4.5,20150205
899,POR,-4.5,20150205
900,NYK,7.0,20150206
901,BRK,-7.0,20150206
902,CLE,-6.0,20150206
903,IND,6.0,20150206
904,LAL,3.0,20150206
905,ORL,-3.0,20150206
906,LAC,2.5,20150206
907,TOR,-2.5,20150206
908,GSW,-1.5,20150206
909,ATL,1.5,20150206
910,DEN,6.5,20150206
911,DET,-6.5,20150206
912,PHI,7.0,20150206
913,BOS,-7.0,20150206
914,MIL,6.0,20150206
915,HOU,-6.0,20150206
916,NOP,4.5,20150206
917,OKC,-4.5,20150206
918,MEM,-8.0,20150206
919,MIN,8.0,20150206
920,UTA,5.0,20150206
921,PHO,-5.0,20150206
922,MIA,10.0,20150206
923,SAS,-10.0,20150206
924,LAC,3.5,20150208
925,OKC,-3.5,20150208
926,LAL,13.5,20150208
927,CLE,-13.5,20150208
928,ATL,2.0,20150208
929,MEM,-2.0,20150208
930,IND,2.0,20150208
931,CHO,-2.0,20150208
932,MIN,6.5,20150208
933,DET,-6.5,20150208
934,CHI,-6.5,20150208
935,ORL,6.5,20150208
936,SAS,-1.0,20150208
937,TOR,1.0,20150208
938,POR,4.5,20150208
939,HOU,-4.5,20150208
940,PHO,-6.0,20150208
941,SAC,6.0,20150208
942,NYK,5.0,20150211
943,ORL,-5.0,20150211
944,WAS,5.0,20150211
945,TOR,-5.0,20150211
946,SAS,-6.0,20150211
947,DET,6.0,20150211
948,ATL,-7.5,20150211
949,BOS,7.5,20150211
950,MEM,6.0,20150211
951,OKC,-6.0,20150211
952,SAC,9.0,20150211
953,MIL,-9.0,20150211
954,MIA,11.5,20150211
955,CLE,-11.5,20150211
956,IND,3.5,20150211
957,NOP,-3.5,20150211
958,GSW,-9.0,20150211
959,MIN,9.0,20150211
960,UTA,3.5,20150211
961,DAL,-3.5,20150211
962,LAL,13.5,20150211
963,POR,-13.5,20150211
964,HOU,3.5,20150211
965,LAC,-3.5,20150211
966,CLE,0.0,20150212
967,CHI,0.0,20150212
968,NOP,-5.5,20150220
969,ORL,5.5,20150220
970,IND,-7.5,20150220
971,PHI,7.5,20150220
972,TOR,4.5,20150220
973,ATL,-4.5,20150220
974,MIA,-5.5,20150220
975,NYK,5.5,20150220
976,CHI,-6.0,20150220
977,DET,6.0,20150220
978,CLE,-3.0,20150220
979,WAS,3.0,20150220
980,PHO,2.5,20150220
981,MIN,-2.5,20150220
982,DEN,7.5,20150220
983,MIL,-7.5,20150220
984,HOU,2.0,20150220
985,DAL,-2.0,20150220
986,POR,-5.0,20150220
987,UTA,5.0,20150220
988,BOS,3.0,20150220
989,SAC,-3.0,20150220
990,BRK,-3.0,20150220
991,LAL,3.0,20150220
992,SAS,7.0,20150220
993,GSW,-7.0,20150220
994,CLE,-15.0,20150222
995,NYK,15.0,20150222
996,ATL,-4.0,20150222
997,MIL,4.0,20150222
998,WAS,-1.0,20150222
999,DET,1.0,20150222
1000,PHI,8.5,20150222
1001,ORL,-8.5,20150222
1002,GSW,-6.5,20150222
1003,IND,6.5,20150222
1004,DEN,10.5,20150222
1005,OKC,-10.5,20150222
1006,CHO,10.0,20150222
1007,DAL,-10.0,20150222
1008,MEM,3.5,20150222
1009,POR,-3.5,20150222
1010,BOS,-2.0,20150222
1011,LAL,2.0,20150222
1012,GSW,-4.5,20150224
1013,WAS,4.5,20150224
1014,CLE,-6.5,20150224
1015,DET,6.5,20150224
1016,IND,7.0,20150224
1017,OKC,-7.0,20150224
1018,TOR,4.0,20150224
1019,DAL,-4.0,20150224
1020,GSW,3.5,20150226
1021,CLE,-3.5,20150226
1022,OKC,-5.0,20150226
1023,PHO,5.0,20150226
1024,WAS,-8.5,20150227
1025,PHI,8.5,20150227
1026,CLE,-3.0,20150227
1027,IND,3.0,20150227
1028,NYK,13.5,20150227
1029,DET,-13.5,20150227
1030,ORL,11.5,20150227
1031,ATL,-11.5,20150227
1032,GSW,1.0,20150227
1033,TOR,-1.0,20150227
1034,CHO,2.0,20150227
1035,BOS,-2.0,20150227
1036,LAC,5.0,20150227
1037,MEM,-5.0,20150227
1038,BRK,6.0,20150227
1039,HOU,-6.0,20150227
1040,MIA,-1.5,20150227
1041,NOP,1.5,20150227
1042,MIN,6.5,20150227
1043,CHI,-6.5,20150227
1044,UTA,-3.5,20150227
1045,DEN,3.5,20150227
1046,SAS,-7.5,20150227
1047,SAC,7.5,20150227
1048,MIL,-5.5,20150227
1049,LAL,5.5,20150227
1050,OKC,4.5,20150227
1051,POR,-4.5,20150227
1052,LAC,0.0,20150301
1053,CHI,0.0,20150301
1054,CLE,0.0,20150301
1055,HOU,0.0,20150301
1056,CHO,-1.5,20150301
1057,ORL,1.5,20150301
1058,GSW,-8.0,20150301
1059,BOS,8.0,20150301
1060,PHI,11.5,20150301
1061,IND,-11.5,20150301
1062,POR,-8.5,20150301
1063,SAC,8.5,20150301
1064,OKC,-3.5,20150301
1065,LAL,3.5,20150301
1066,NOP,-5.5,20150301
1067,DEN,5.5,20150301
1068,LAL,9.0,20150303
1069,CHO,-9.0,20150303
1070,BOS,12.5,20150303
1071,CLE,-12.5,20150303
1072,SAC,-1.5,20150303
1073,NYK,1.5,20150303
1074,HOU,9.0,20150303
1075,ATL,-9.0,20150303
1076,UTA,8.0,20150303
1077,MEM,-8.0,20150303
1078,WAS,1.0,20150303
1079,CHI,-1.0,20150303
1080,MIL,-6.0,20150303
1081,DEN,6.0,20150303
1082,NYK,13.0,20150304
1083,IND,-13.0,20150304
1084,PHO,-4.0,20150304
1085,ORL,4.0,20150304
1086,UTA,2.0,20150304
1087,BOS,-2.0,20150304
1088,CLE,-4.5,20150304
1089,TOR,4.5,20150304
1090,CHO,5.5,20150304
1091,BRK,-5.5,20150304
1092,DEN,5.5,20150304
1093,MIN,-5.5,20150304
1094,MEM,3.0,20150304
1095,HOU,-3.0,20150304
1096,LAL,9.0,20150304
1097,MIA,-9.0,20150304
1098,PHI,15.0,20150304
1099,OKC,-15.0,20150304
1100,DET,2.0,20150304
1101,NOP,-2.0,20150304
1102,SAC,10.5,20150304
1103,SAS,-10.5,20150304
1104,POR,2.5,20150304
1105,LAC,-2.5,20150304
1106,MIL,12.5,20150304
1107,GSW,-12.5,20150304
1108,TOR,0.0,20150306
1109,CHO,0.0,20150306
1110,CHI,5.5,20150306
1111,IND,-5.5,20150306
1112,SAC,-1.0,20150306
1113,ORL,1.0,20150306
1114,UTA,-7.0,20150306
1115,PHI,7.0,20150306
1116,CLE,-1.0,20150306
1117,ATL,1.0,20150306
1118,PHO,2.5,20150306
1119,BRK,-2.5,20150306
1120,LAL,11.5,20150306
1121,MEM,-11.5,20150306
1122,DET,7.5,20150306
1123,HOU,-7.5,20150306
1124,BOS,7.0,20150306
1125,NOP,-7.0,20150306
1126,DEN,12.0,20150306
1127,SAS,-12.0,20150306
1128,DAL,10.5,20150306
1129,GSW,-10.5,20150306
1130,MEM,-1.0,20150307
1131,NOP,1.0,20150307
1132,SAC,5.5,20150307
1133,MIA,-5.5,20150307
1134,ATL,-11.0,20150307
1135,PHI,11.0,20150307
1136,IND,-8.5,20150307
1137,NYK,8.5,20150307
1138,PHO,10.5,20150307
1139,CLE,-10.5,20150307
1140,POR,-4.5,20150307
1141,MIN,4.5,20150307
1142,WAS,3.5,20150307
1143,MIL,-3.5,20150307
1144,HOU,-5.0,20150307
1145,DEN,5.0,20150307
1146,ORL,9.0,20150310
1147,IND,-9.0,20150310
1148,NOP,2.5,20150310
1149,BRK,-2.5,20150310
1150,TOR,7.5,20150310
1151,SAS,-7.5,20150310
1152,CLE,-3.5,20150310
1153,DAL,3.5,20150310
1154,NYK,13.5,20150310
1155,UTA,-13.5,20150310
1156,DET,-2.0,20150310
1157,LAL,2.0,20150310
1158,MIL,7.5,20150312
1159,IND,-7.5,20150312
1160,MEM,0.0,20150312
1161,WAS,0.0,20150312
1162,HOU,1.0,20150312
1163,UTA,-1.0,20150312
1164,CLE,0.0,20150312
1165,SAS,0.0,20150312
1166,NYK,7.5,20150312
1167,LAL,-7.5,20150312
1168,CHI,8.0,20150315
1169,OKC,-8.0,20150315
1170,HOU,3.5,20150315
1171,LAC,-3.5,20150315
1172,CLE,-10.0,20150315
1173,ORL,10.0,20150315
1174,DEN,7.0,20150315
1175,NOP,-7.0,20150315
1176,POR,2.0,20150315
1177,TOR,-2.0,20150315
1178,MIN,13.5,20150315
1179,SAS,-13.5,20150315
1180,NYK,11.5,20150315
1181,PHO,-11.5,20150315
1182,ATL,-8.5,20150315
1183,LAL,8.5,20150315
1184,TOR,5.0,20150316
1185,IND,-5.0,20150316
1186,POR,2.5,20150316
1187,WAS,-2.5,20150316
1188,PHI,9.0,20150316
1189,BOS,-9.0,20150316
1190,BRK,-1.5,20150316
1191,MIN,1.5,20150316
1192,DEN,9.0,20150316
1193,MEM,-9.0,20150316
1194,CLE,-6.0,20150316
1195,MIA,6.0,20150316
1196,OKC,3.0,20150316
1197,DAL,-3.0,20150316
1198,CHO,5.0,20150316
1199,UTA,-5.0,20150316
1200,ATL,-5.0,20150316
1201,SAC,5.0,20150316
1202,LAL,18.0,20150316
1203,GSW,-18.0,20150316
1204,BRK,11.5,20150318
1205,CLE,-11.5,20150318
1206,DET,-1.5,20150318
1207,PHI,1.5,20150318
1208,MIN,11.5,20150318
1209,TOR,-11.5,20150318
1210,POR,-2.5,20150318
1211,MIA,2.5,20150318
1212,SAS,-4.5,20150318
1213,MIL,4.5,20150318
1214,IND,1.5,20150318
1215,CHI,-1.5,20150318
1216,ORL,12.0,20150318
1217,DAL,-12.0,20150318
1218,BOS,7.0,20150318
1219,OKC,-7.0,20150318
1220,LAC,-7.5,20150318
1221,SAC,7.5,20150318
1222,ATL,6.0,20150318
1223,GSW,-6.0,20150318
1224,WAS,3.5,20150318
1225,UTA,-3.5,20150318
1226,NYK,5.5,20150320
1227,PHI,-5.5,20150320
1228,POR,-6.5,20150320
1229,ORL,6.5,20150320
1230,DEN,6.5,20150320
1231,MIA,-6.5,20150320
1232,MIL,3.0,20150320
1233,BRK,-3.0,20150320
1234,IND,11.0,20150320
1235,CLE,-11.0,20150320
1236,ATL,-2.0,20150320
1237,OKC,2.0,20150320
1238,TOR,1.5,20150320
1239,CHI,-1.5,20150320
1240,MEM,3.5,20150320
1241,DAL,-3.5,20150320
1242,BOS,9.5,20150320
1243,SAS,-9.5,20150320
1244,CHO,-3.0,20150320
1245,SAC,3.0,20150320
1246,NOP,13.0,20150320
1247,GSW,-13.0,20150320
1248,WAS,6.5,20150320
1249,LAC,-6.5,20150320
1250,MIA,4.0,20150322
1251,OKC,-4.0,20150322
1252,SAS,2.0,20150322
1253,ATL,-2.0,20150322
1254,CLE,-8.0,20150322
1255,MIL,8.0,20150322
1256,NOP,9.0,20150322
1257,LAC,-9.0,20150322
1258,NYK,13.0,20150322
1259,TOR,-13.0,20150322
1260,WAS,-3.0,20150322
1261,SAC,3.0,20150322
1262,DET,6.0,20150322
1263,BOS,-6.0,20150322
1264,DEN,-1.0,20150322
1265,ORL,1.0,20150322
1266,CHO,-4.0,20150322
1267,MIN,4.0,20150322
1268,DAL,-3.5,20150322
1269,PHO,3.5,20150322
1270,PHI,5.0,20150322
1271,LAL,-5.0,20150322
1272,BRK,3.5,20150325
1273,CHO,-3.5,20150325
1274,LAC,-14.0,20150325
1275,NYK,14.0,20150325
1276,IND,3.0,20150325
1277,WAS,-3.0,20150325
1278,ATL,-7.5,20150325
1279,ORL,7.5,20150325
1280,CHI,-1.0,20150325
1281,TOR,1.0,20150325
1282,MIA,5.0,20150325
1283,BOS,-5.0,20150325
1284,CLE,-2.0,20150325
1285,MEM,2.0,20150325
1286,HOU,-1.5,20150325
1287,NOP,1.5,20150325
1288,LAL,2.0,20150325
1289,MIN,-2.0,20150325
1290,POR,4.5,20150325
1291,UTA,-4.5,20150325
1292,PHI,11.0,20150325
1293,DEN,-11.0,20150325
1294,OKC,7.5,20150325
1295,SAS,-7.5,20150325
1296,SAC,8.0,20150325
1297,PHO,-8.0,20150325
1298,DET,-2.0,20150327
1299,ORL,2.0,20150327
1300,LAC,-11.5,20150327
1301,PHI,11.5,20150327
1302,CHO,3.5,20150327
1303,WAS,-3.5,20150327
1304,LAL,9.5,20150327
1305,TOR,-9.5,20150327
1306,CLE,-8.5,20150327
1307,BRK,8.5,20150327
1308,MIA,8.5,20150327
1309,ATL,-8.5,20150327
1310,BOS,-9.5,20150327
1311,NYK,9.5,20150327
1312,SAC,7.0,20150327
1313,NOP,-7.0,20150327
1314,MIN,12.5,20150327
1315,HOU,-12.5,20150327
1316,GSW,-3.5,20150327
1317,MEM,3.5,20150327
1318,DAL,8.5,20150327
1319,SAS,-8.5,20150327
1320,UTA,2.0,20150327
1321,DEN,-2.0,20150327
1322,POR,-1.0,20150327
1323,PHO,1.0,20150327
1324,HOU,-2.0,20150329
1325,WAS,2.0,20150329
1326,LAL,7.0,20150329
1327,BRK,-7.0,20150329
1328,MIN,12.0,20150329
1329,NOP,-12.0,20150329
1330,PHI,16.5,20150329
1331,CLE,-16.5,20150329
1332,LAC,-5.5,20150329
1333,BOS,5.5,20150329
1334,DET,3.0,20150329
1335,MIA,-3.0,20150329
1336,DAL,1.0,20150329
1337,IND,-1.0,20150329
1338,MEM,7.5,20150329
1339,SAS,-7.5,20150329
1340,OKC,-1.0,20150329
1341,PHO,1.0,20150329
1342,MIA,12.0,20150402
1343,CLE,-12.0,20150402
1344,HOU,2.0,20150402
1345,DAL,-2.0,20150402
1346,PHO,11.5,20150402
1347,GSW,-11.5,20150402
1348,HOU,2.0,20150405
1349,OKC,-2.0,20150405
1350,CHI,8.0,20150405
1351,CLE,-8.0,20150405
1352,MIA,6.0,20150405
1353,IND,-6.0,20150405
1354,GSW,5.5,20150405
1355,SAS,-5.5,20150405
1356,PHI,-1.0,20150405
1357,NYK,1.0,20150405
1358,UTA,0.0,20150405
1359,SAC,0.0,20150405
1360,LAC,-11.5,20150405
1361,LAL,11.5,20150405
1362,WAS,-7.5,20150408
1363,PHI,7.5,20150408
1364,CHI,-8.0,20150408
1365,ORL,8.0,20150408
1366,TOR,-3.0,20150408
1367,CHO,3.0,20150408
1368,BOS,1.0,20150408
1369,DET,-1.0,20150408
1370,IND,-12.0,20150408
1371,NYK,12.0,20150408
1372,ATL,5.0,20150408
1373,BRK,-5.0,20150408
1374,CLE,-7.0,20150408
1375,MIL,7.0,20150408
1376,NOP,5.0,20150408
1377,MEM,-5.0,20150408
1378,HOU,5.5,20150408
1379,SAS,-5.5,20150408
1380,SAC,11.0,20150408
1381,UTA,-11.0,20150408
1382,LAL,11.5,20150408
1383,DEN,-11.5,20150408
1384,PHO,8.5,20150408
1385,DAL,-8.5,20150408
1386,MIN,16.5,20150408
1387,POR,-16.5,20150408
1388,TOR,-5.5,20150410
1389,ORL,5.5,20150410
1390,IND,-4.0,20150410
1391,DET,4.0,20150410
1392,MIL,-9.0,20150410
1393,NYK,9.0,20150410
1394,CHO,9.5,20150410
1395,ATL,-9.5,20150410
1396,BOS,3.0,20150410
1397,CLE,-3.0,20150410
1398,WAS,4.5,20150410
1399,BRK,-4.5,20150410
1400,PHO,8.5,20150410
1401,NOP,-8.5,20150410
1402,SAC,13.5,20150410
1403,OKC,-13.5,20150410
1404,SAS,-2.5,20150410
1405,HOU,2.5,20150410
1406,DAL,4.0,20150410
1407,DEN,-4.0,20150410
1408,MEM,-3.0,20150410
1409,UTA,3.0,20150410
1410,MIN,5.5,20150410
1411,LAL,-5.5,20150410
1412,BRK,-1.0,20150412
1413,MIL,1.0,20150412
1414,CLE,5.0,20150412
1415,BOS,-5.0,20150412
1416,CHO,7.5,20150412
1417,DET,-7.5,20150412
1418,SAC,10.0,20150412
1419,DEN,-10.0,20150412
1420,ATL,2.0,20150412
1421,WAS,-2.0,20150412
1422,OKC,3.0,20150412
1423,IND,-3.0,20150412
1424,NOP,4.5,20150412
1425,HOU,-4.5,20150412
1426,PHO,15.5,20150412
1427,SAS,-15.5,20150412
1428,DAL,-5.0,20150412
1429,LAL,5.0,20150412
1430,HOU,-10.5,20150413
1431,CHO,10.5,20150413
1432,MIL,-2.5,20150413
1433,PHI,2.5,20150413
1434,DET,8.0,20150413
1435,CLE,-8.0,20150413
1436,NYK,14.0,20150413
1437,ATL,-14.0,20150413
1438,ORL,9.5,20150413
1439,MIA,-9.5,20150413
1440,CHI,0.0,20150413
1441,BRK,0.0,20150413
1442,NOP,-11.0,20150413
1443,MIN,11.0,20150413
1444,POR,7.5,20150413
1445,OKC,-7.5,20150413
1446,DAL,10.5,20150413
1447,UTA,-10.5,20150413
1448,LAL,4.0,20150413
1449,SAC,-4.0,20150413
1450,MEM,8.5,20150413
1451,GSW,-8.5,20150413
1452,DEN,16.0,20150413
1453,LAC,-16.0,20150413
1454,CHO,11.5,20150415
1455,TOR,-11.5,20150415
1456,OKC,-13.5,20150415
1457,MIN,13.5,20150415
1458,ATL,5.0,20150415
1459,CHI,-5.0,20150415
1460,POR,6.0,20150415
1461,DAL,-6.0,20150415
1462,UTA,9.5,20150415
1463,HOU,-9.5,20150415
1464,SAS,-5.0,20150415
1465,NOP,5.0,20150415
1466,WAS,11.0,20150415
1467,CLE,-11.0,20150415
1468,ORL,7.5,20150415
1469,BRK,-7.5,20150415
1470,BOS,4.0,20150415
1471,MIL,-4.0,20150415
1472,DET,-5.5,20150415
1473,NYK,5.5,20150415
1474,MIA,2.5,20150415
1475,PHI,-2.5,20150415
1476,IND,2.0,20150415
1477,MEM,-2.0,20150415
1478,DEN,11.5,20150415
1479,GSW,-11.5,20150415
1480,SAC,3.5,20150415
1481,LAL,-3.5,20150415
1482,MIL,9.0,20141029
1483,CHO,-9.0,20141029
1484,PHI,6.5,20141029
1485,IND,-6.5,20141029
1486,BRK,-1.5,20141029
1487,BOS,1.5,20141029
1488,ATL,4.5,20141029
1489,TOR,-4.5,20141029
1490,WAS,4.0,20141029
1491,MIA,-4.0,20141029
1492,CHI,-4.0,20141029
1493,NYK,4.0,20141029
1494,MIN,8.5,20141029
1495,MEM,-8.5,20141029
1496,DET,7.0,20141029
1497,DEN,-7.0,20141029
1498,HOU,-3.0,20141029
1499,UTA,3.0,20141029
1500,LAL,10.5,20141029
1501,PHO,-10.5,20141029
1502,GSW,-4.0,20141029
1503,SAC,4.0,20141029
1504,OKC,8.0,20141029
1505,POR,-8.0,20141029
1506,HOU,-9.5,20141103
1507,PHI,9.5,20141103
1508,OKC,7.0,20141103
1509,BRK,-7.0,20141103
1510,NOP,4.5,20141103
1511,MEM,-4.5,20141103
1512,BOS,10.0,20141103
1513,DAL,-10.0,20141103
1514,SAC,7.0,20141103
1515,DEN,-7.0,20141103
1516,UTA,9.0,20141103
1517,LAC,-9.0,20141103
1518,POR,4.5,20141108
1519,LAC,-4.5,20141108
1520,WAS,-3.5,20141108
1521,IND,3.5,20141108
1522,NYK,6.5,20141108
1523,ATL,-6.5,20141108
1524,MIN,7.5,20141108
1525,MIA,-7.5,20141108
1526,BOS,9.5,20141108
1527,CHI,-9.5,20141108
1528,GSW,1.0,20141108
1529,HOU,-1.0,20141108
1530,MEM,-5.5,20141108
1531,MIL,5.5,20141108
1532,NOP,7.0,20141108
1533,SAS,-7.0,20141108
1534,DET,6.0,20141112
1535,WAS,-6.0,20141112
1536,UTA,7.0,20141112
1537,ATL,-7.0,20141112
1538,OKC,5.5,20141112
1539,BOS,-5.5,20141112
1540,IND,8.0,20141112
1541,MIA,-8.0,20141112
1542,ORL,6.0,20141112
1543,NYK,-6.0,20141112
1544,LAL,10.5,20141112
1545,NOP,-10.5,20141112
1546,POR,-1.0,20141112
1547,DEN,1.0,20141112
1548,BRK,5.0,20141112
1549,PHO,-5.0,20141112
1550,HOU,-6.5,20141112
1551,MIN,6.5,20141112
1552,POR,-5.0,20141123
1553,BOS,5.0,20141123
1554,CHO,2.5,20141123
1555,MIA,-2.5,20141123
1556,LAC,3.0,20141123
1557,MEM,-3.0,20141123
1558,GSW,-7.5,20141123
1559,OKC,7.5,20141123
1560,DEN,-2.0,20141123
1561,LAL,2.0,20141123
1562,CHI,-3.5,20141128
1563,BOS,3.5,20141128
1564,GSW,-8.5,20141128
1565,CHO,8.5,20141128
1566,NOP,2.5,20141128
1567,ATL,-2.5,20141128
1568,DAL,4.0,20141128
1569,TOR,-4.0,20141128
1570,MIL,3.5,20141128
1571,DET,-3.5,20141128
1572,ORL,5.5,20141128
1573,IND,-5.5,20141128
1574,LAC,-3.5,20141128
1575,HOU,3.5,20141128
1576,NYK,8.0,20141128
1577,OKC,-8.0,20141128
1578,SAC,8.0,20141128
1579,SAS,-8.0,20141128
1580,PHO,1.0,20141128
1581,DEN,-1.0,20141128
1582,MEM,3.5,20141128
1583,POR,-3.5,20141128
1584,MIN,5.5,20141128
1585,LAL,-5.5,20141128
1586,SAS,-7.5,20141130
1587,BOS,7.5,20141130
1588,CHI,-2.5,20141130
1589,BRK,2.5,20141130
1590,GSW,-8.5,20141130
1591,DET,8.5,20141130
1592,MEM,-1.5,20141130
1593,SAC,1.5,20141130
1594,MIA,-3.0,20141130
1595,NYK,3.0,20141130
1596,ORL,10.5,20141130
1597,PHO,-10.5,20141130
1598,MIN,13.0,20141130
1599,POR,-13.0,20141130
1600,TOR,-6.5,20141130
1601,LAL,6.5,20141130
1602,CHI,-3.0,20141203
1603,CHO,3.0,20141203
1604,LAL,8.5,20141203
1605,WAS,-8.5,20141203
1606,DET,4.0,20141203
1607,BOS,-4.0,20141203
1608,SAS,-8.5,20141203
1609,BRK,8.5,20141203
1610,ATL,4.0,20141203
1611,MIA,-4.0,20141203
1612,DAL,-4.5,20141203
1613,MIL,4.5,20141203
1614,MEM,-5.0,20141203
1615,HOU,5.0,20141203
1616,PHI,7.5,20141203
1617,MIN,-7.5,20141203
1618,TOR,-5.5,20141203
1619,UTA,5.5,20141203
1620,ORL,15.5,20141203
1621,LAC,-15.5,20141203
1622,WAS,-3.5,20141207
1623,BOS,3.5,20141207
1624,DEN,5.5,20141207
1625,ATL,-5.5,20141207
1626,OKC,-9.0,20141207
1627,DET,9.0,20141207
1628,MIA,8.5,20141207
1629,MEM,-8.5,20141207
1630,MIL,9.0,20141207
1631,DAL,-9.0,20141207
1632,POR,-7.0,20141207
1633,NYK,7.0,20141207
1634,NOP,-2.5,20141207
1635,LAL,2.5,20141207
1636,LAC,-7.0,20141210
1637,IND,7.0,20141210
1638,WAS,-4.5,20141210
1639,ORL,4.5,20141210
1640,BOS,2.5,20141210
1641,CHO,-2.5,20141210
1642,PHI,13.0,20141210
1643,ATL,-13.0,20141210
1644,BRK,11.5,20141210
1645,CHI,-11.5,20141210
1646,POR,-10.5,20141210
1647,MIN,10.5,20141210
1648,NOP,6.5,20141210
1649,DAL,-6.5,20141210
1650,NYK,10.5,20141210
1651,SAS,-10.5,20141210
1652,MIA,4.0,20141210
1653,DEN,-4.0,20141210
1654,HOU,11.0,20141210
1655,GSW,-11.0,20141210
1656,TOR,5.0,20141227
1657,LAC,-5.0,20141227
1658,ORL,5.5,20141227
1659,CHO,-5.5,20141227
1660,BOS,10.0,20141227
1661,WAS,-10.0,20141227
1662,MEM,-2.0,20141227
1663,MIA,2.0,20141227
1664,NOP,9.5,20141227
1665,CHI,-9.5,20141227
1666,IND,1.5,20141227
1667,BRK,-1.5,20141227
1668,ATL,-5.0,20141227
1669,MIL,5.0,20141227
1670,PHI,9.5,20141227
1671,UTA,-9.5,20141227
1672,NYK,6.5,20141227
1673,SAC,-6.5,20141227
1674,MIN,17.0,20141227
1675,GSW,-17.0,20141227
1676,CHO,3.5,20150103
1677,ORL,-3.5,20150103
1678,UTA,-2.0,20150103
1679,MIN,2.0,20150103
1680,MIA,7.5,20150103
1681,HOU,-7.5,20150103
1682,BOS,11.5,20150103
1683,CHI,-11.5,20150103
1684,WAS,5.0,20150103
1685,SAS,-5.0,20150103
1686,MEM,1.0,20150103
1687,DEN,-1.0,20150103
1688,ATL,5.5,20150103
1689,POR,-5.5,20150103
1690,PHI,19.0,20150103
1691,LAC,-19.0,20150103
1692,CHO,-6.5,20150110
1693,NYK,6.5,20150110
1694,DAL,2.5,20150110
1695,LAC,-2.5,20150110
1696,IND,-6.0,20150110
1697,PHI,6.0,20150110
1698,BOS,12.0,20150110
1699,TOR,-12.0,20150110
1700,BRK,5.0,20150110
1701,DET,-5.0,20150110
1702,MIL,7.5,20150110
1703,CHI,-7.5,20150110
1704,UTA,11.0,20150110
1705,HOU,-11.0,20150110
1706,SAS,-10.0,20150110
1707,MIN,10.0,20150110
1708,ORL,12.5,20150110
1709,POR,-12.5,20150110
1710,HOU,-6.0,20150112
1711,BRK,6.0,20150112
1712,NOP,-4.0,20150112
1713,BOS,4.0,20150112
1714,DET,6.5,20150112
1715,TOR,-6.5,20150112
1716,ORL,12.0,20150112
1717,CHI,-12.0,20150112
1718,HOU,-8.5,20150114
1719,ORL,8.5,20150114
1720,SAS,-4.5,20150114
1721,CHO,4.5,20150114
1722,NOP,3.5,20150114
1723,DET,-3.5,20150114
1724,PHI,16.0,20150114
1725,TOR,-16.0,20150114
1726,MEM,-6.0,20150114
1727,BRK,6.0,20150114
1728,ATL,-6.0,20150114
1729,BOS,6.0,20150114
1730,WAS,5.5,20150114
1731,CHI,-5.5,20150114
1732,DAL,2.0,20150114
1733,DEN,-2.0,20150114
1734,MIA,15.0,20150114
1735,GSW,-15.0,20150114
1736,LAC,3.5,20150114
1737,POR,-3.5,20150114
1738,UTA,7.5,20150122
1739,MIL,-7.5,20150122
1740,SAS,-5.0,20150122
1741,CHI,5.0,20150122
1742,BOS,7.0,20150122
1743,POR,-7.0,20150122
1744,BRK,11.5,20150122
1745,LAC,-11.5,20150122
1746,MIN,15.5,20150126
1747,OKC,-15.5,20150126
1748,ORL,12.5,20150126
1749,MEM,-12.5,20150126
1750,PHI,13.0,20150126
1751,NOP,-13.0,20150126
1752,BOS,7.5,20150126
1753,UTA,-7.5,20150126
1754,DEN,11.5,20150126
1755,LAC,-11.5,20150126
1756,SAC,-3.5,20150126
1757,NYK,3.5,20150126
1758,POR,-6.5,20150126
1759,BRK,6.5,20150126
1760,MIA,3.5,20150201
1761,BOS,-3.5,20150201
1762,LAL,3.0,20150201
1763,NYK,-3.0,20150201
1764,DEN,-8.5,20150203
1765,PHI,8.5,20150203
1766,BOS,1.0,20150203
1767,NYK,-1.0,20150203
1768,MIA,4.0,20150203
1769,DET,-4.0,20150203
1770,UTA,8.5,20150203
1771,POR,-8.5,20150203
1772,GSW,-9.5,20150203
1773,SAC,9.5,20150203
1774,DET,3.5,20150204
1775,IND,-3.5,20150204
1776,BRK,8.0,20150204
1777,TOR,-8.0,20150204
1778,WAS,5.5,20150204
1779,ATL,-5.5,20150204
1780,DEN,1.5,20150204
1781,BOS,-1.5,20150204
1782,CHI,2.5,20150204
1783,HOU,-2.5,20150204
1784,MIA,1.0,20150204
1785,MIN,-1.0,20150204
1786,LAL,8.5,20150204
1787,MIL,-8.5,20150204
1788,OKC,2.5,20150204
1789,NOP,-2.5,20150204
1790,ORL,12.5,20150204
1791,SAS,-12.5,20150204
1792,MEM,-6.5,20150204
1793,UTA,6.5,20150204
1794,DAL,9.5,20150204
1795,GSW,-9.5,20150204
1796,CHI,-1.5,20150207
1797,NOP,1.5,20150207
1798,BRK,6.0,20150207
1799,WAS,-6.0,20150207
1800,GSW,-12.5,20150207
1801,NYK,12.5,20150207
1802,CHO,-7.0,20150207
1803,PHI,7.0,20150207
1804,POR,2.5,20150207
1805,DAL,-2.5,20150207
1806,BOS,6.0,20150207
1807,MIL,-6.0,20150207
1808,SAC,5.5,20150207
1809,UTA,-5.5,20150207
1810,PHI,10.5,20150223
1811,MIA,-10.5,20150223
1812,TOR,-7.0,20150223
1813,NOP,7.0,20150223
1814,MIL,8.0,20150223
1815,CHI,-8.0,20150223
1816,MIN,9.0,20150223
1817,HOU,-9.0,20150223
1818,SAS,-4.5,20150223
1819,UTA,4.5,20150223
1820,BOS,7.0,20150223
1821,PHO,-7.0,20150223
1822,BRK,1.5,20150223
1823,DEN,-1.5,20150223
1824,MEM,3.5,20150223
1825,LAC,-3.5,20150223
1826,MIA,-2.5,20150225
1827,ORL,2.5,20150225
1828,NYK,12.5,20150225
1829,BOS,-12.5,20150225
1830,DAL,6.5,20150225
1831,ATL,-6.5,20150225
1832,WAS,2.0,20150225
1833,MIN,-2.0,20150225
1834,BRK,-2.5,20150225
1835,NOP,2.5,20150225
1836,PHI,10.5,20150225
1837,MIL,-10.5,20150225
1838,LAC,3.5,20150225
1839,HOU,-3.5,20150225
1840,CHO,8.5,20150225
1841,CHI,-8.5,20150225
1842,PHO,-5.0,20150225
1843,DEN,5.0,20150225
1844,LAL,9.0,20150225
1845,UTA,-9.0,20150225
1846,MEM,-7.0,20150225
1847,SAC,7.0,20150225
1848,SAS,3.0,20150225
1849,POR,-3.0,20150225
1850,CHI,9.0,20150308
1851,SAS,-9.0,20150308
1852,LAC,8.5,20150308
1853,GSW,-8.5,20150308
1854,UTA,2.0,20150308
1855,BRK,-2.0,20150308
1856,BOS,-1.0,20150308
1857,ORL,1.0,20150308
1858,CHO,1.0,20150308
1859,DET,-1.0,20150308
1860,TOR,7.0,20150308
1861,OKC,-7.0,20150308
1862,DAL,-6.5,20150308
1863,LAL,6.5,20150308
1864,WAS,2.0,20150309
1865,CHO,-2.0,20150309
1866,BOS,3.0,20150309
1867,MIA,-3.0,20150309
1868,SAC,11.0,20150309
1869,ATL,-11.0,20150309
1870,MEM,-4.0,20150309
1871,CHI,4.0,20150309
1872,NOP,2.0,20150309
1873,MIL,-2.0,20150309
1874,NYK,9.0,20150309
1875,DEN,-9.0,20150309
1876,GSW,-5.0,20150309
1877,PHO,5.0,20150309
1878,MIN,8.0,20150309
1879,LAC,-8.0,20150309
1880,CHI,-6.5,20150311
1881,PHI,6.5,20150311
1882,SAC,8.0,20150311
1883,CHO,-8.0,20150311
1884,MEM,-5.0,20150311
1885,BOS,5.0,20150311
1886,BRK,4.5,20150311
1887,MIA,-4.5,20150311
1888,ORL,7.0,20150311
1889,MIL,-7.0,20150311
1890,LAC,6.0,20150311
1891,OKC,-6.0,20150311
1892,ATL,-7.5,20150311
1893,DEN,7.5,20150311
1894,MIN,5.0,20150311
1895,PHO,-5.0,20150311
1896,HOU,3.0,20150311
1897,POR,-3.0,20150311
1898,DET,14.0,20150311
1899,GSW,-14.0,20150311
1900,CHI,-1.0,20150313
1901,CHO,1.0,20150313
1902,SAC,-3.5,20150313
1903,PHI,3.5,20150313
1904,ORL,5.0,20150313
1905,BOS,-5.0,20150313
1906,MIA,5.5,20150313
1907,TOR,-5.5,20150313
1908,MIN,11.0,20150313
1909,OKC,-11.0,20150313
1910,LAC,2.5,20150313
1911,DAL,-2.5,20150313
1912,GSW,-7.5,20150313
1913,DEN,7.5,20150313
1914,ATL,-5.0,20150313
1915,PHO,5.0,20150313
1916,DET,8.5,20150313
1917,POR,-8.5,20150313
1918,BOS,7.5,20150314
1919,IND,-7.5,20150314
1920,SAC,8.5,20150314
1921,WAS,-8.5,20150314
1922,BRK,-5.0,20150314
1923,PHI,5.0,20150314
1924,MIL,6.5,20150314
1925,MEM,-6.5,20150314
1926,DET,8.0,20150314
1927,UTA,-8.0,20150314
1928,NYK,19.5,20150314
1929,GSW,-19.5,20150314
1930,HOU,1.0,20150323
1931,IND,-1.0,20150323
1932,MEM,-13.0,20150323
1933,NYK,13.0,20150323
1934,BOS,4.0,20150323
1935,BRK,-4.0,20150323
1936,CHO,5.5,20150323
1937,CHI,-5.5,20150323
1938,MIN,12.0,20150323
1939,UTA,-12.0,20150323
1940,WAS,11.5,20150323
1941,GSW,-11.5,20150323
1942,BOS,4.0,20150330
1943,CHO,-4.0,20150330
1944,LAL,4.0,20150330
1945,PHI,-4.0,20150330
1946,HOU,1.5,20150330
1947,TOR,-1.5,20150330
1948,MIL,7.5,20150330
1949,ATL,-7.5,20150330
1950,UTA,-4.5,20150330
1951,MIN,4.5,20150330
1952,SAC,8.5,20150330
1953,MEM,-8.5,20150330
1954,PHO,7.5,20150330
1955,POR,-7.5,20150330
1956,DET,4.5,20150401
1957,CHO,-4.5,20150401
1958,PHI,11.0,20150401
1959,WAS,-11.0,20150401
1960,SAS,-9.0,20150401
1961,ORL,9.0,20150401
1962,IND,3.5,20150401
1963,BOS,-3.5,20150401
1964,BRK,-9.5,20150401
1965,NYK,9.5,20150401
1966,CHI,-5.0,20150401
1967,MIL,5.0,20150401
1968,TOR,-8.5,20150401
1969,MIN,8.5,20150401
1970,DAL,3.0,20150401
1971,OKC,-3.0,20150401
1972,SAC,11.5,20150401
1973,HOU,-11.5,20150401
1974,DEN,4.0,20150401
1975,UTA,-4.0,20150401
1976,LAC,3.0,20150401
1977,POR,-3.0,20150401
1978,NOP,-7.5,20150401
1979,LAL,7.5,20150401
1980,NYK,14.5,20150403
1981,WAS,-14.5,20150403
1982,CHO,5.0,20150403
1983,IND,-5.0,20150403
1984,TOR,2.5,20150403
1985,BRK,-2.5,20150403
1986,MIL,5.5,20150403
1987,BOS,-5.5,20150403
1988,OKC,5.0,20150403
1989,MEM,-5.0,20150403
1990,ORL,-3.0,20150403
1991,MIN,3.0,20150403
1992,DET,9.0,20150403
1993,CHI,-9.0,20150403
1994,DEN,12.5,20150403
1995,SAS,-12.5,20150403
1996,NOP,-5.5,20150403
1997,SAC,5.5,20150403
1998,POR,-10.0,20150403
1999,LAL,10.0,20150403
2000,PHI,9.0,20150404
2001,CHO,-9.0,20150404
2002,MIA,1.0,20150404
2003,DET,-1.0,20150404
2004,BOS,3.0,20150404
2005,TOR,-3.0,20150404
2006,BRK,8.5,20150404
2007,ATL,-8.5,20150404
2008,WAS,7.0,20150404
2009,MEM,-7.0,20150404
2010,ORL,8.0,20150404
2011,MIL,-8.0,20150404
2012,GSW,-4.5,20150404
2013,DAL,4.5,20150404
2014,LAC,-9.5,20150404
2015,DEN,9.5,20150404
2016,UTA,1.5,20150404
2017,PHO,-1.5,20150404
2018,NOP,5.0,20150404
2019,POR,-5.0,20150404
2020,TOR,2.5,20150414
2021,BOS,-2.5,20150414
2022,WAS,7.0,20150414
2023,IND,-7.0,20150414
2024,LAC,-9.0,20150414
2025,PHO,9.0,20150414
2026,ATL,4.5,20141125
2027,WAS,-4.5,20141125
2028,GSW,-4.5,20141125
2029,MIA,4.5,20141125
2030,DET,3.0,20141125
2031,MIL,-3.0,20141125
2032,SAC,3.5,20141125
2033,NOP,-3.5,20141125
2034,CHI,2.0,20141125
2035,DEN,-2.0,20141125
2036,MIA,5.0,20141201
2037,WAS,-5.0,20141201
2038,SAS,-13.5,20141201
2039,PHI,13.5,20141201
2040,DEN,-2.5,20141201
2041,UTA,2.5,20141201
2042,MIN,14.0,20141201
2043,LAC,-14.0,20141201
2044,UTA,10.5,20141214
2045,WAS,-10.5,20141214
2046,CHI,-3.5,20141214
2047,MIA,3.5,20141214
2048,GSW,-5.5,20141214
2049,NOP,5.5,20141214
2050,LAL,-3.0,20141214
2051,MIN,3.0,20141214
2052,PHO,7.0,20141214
2053,OKC,-7.0,20141214
2054,TOR,-6.0,20141214
2055,NYK,6.0,20141214
2056,SAS,-3.5,20141214
2057,DEN,3.5,20141214
2058,MIN,13.0,20141216
2059,WAS,-13.0,20141216
2060,MIA,3.5,20141216
2061,BRK,-3.5,20141216
2062,DAL,-7.0,20141216
2063,NYK,7.0,20141216
2064,UTA,8.0,20141216
2065,NOP,-8.0,20141216
2066,GSW,2.5,20141216
2067,MEM,-2.5,20141216
2068,OKC,-7.5,20141216
2069,SAC,7.5,20141216
2070,CHI,-5.5,20141229
2071,IND,5.5,20141229
2072,MIL,3.5,20141229
2073,CHO,-3.5,20141229
2074,ORL,5.5,20141229
2075,MIA,-5.5,20141229
2076,SAC,2.0,20141229
2077,BRK,-2.0,20141229
2078,WAS,4.0,20141229
2079,HOU,-4.0,20141229
2080,UTA,11.5,20141229
2081,LAC,-11.5,20141229
2082,IND,2.0,20150117
2083,CHO,-2.0,20150117
2084,PHI,14.0,20150117
2085,DET,-14.0,20150117
2086,ATL,-2.5,20150117
2087,CHI,2.5,20150117
2088,WAS,-4.0,20150117
2089,BRK,4.0,20150117
2090,GSW,3.0,20150117
2091,HOU,-3.0,20150117
2092,MIN,11.5,20150117
2093,DEN,-11.5,20150117
2094,POR,2.5,20150117
2095,MEM,-2.5,20150117
2096,LAC,-6.5,20150117
2097,SAC,6.5,20150117
2098,NYK,9.0,20150124
2099,CHO,-9.0,20150124
2100,DET,-3.5,20150124
2101,MIL,3.5,20150124
2102,PHI,16.5,20150124
2103,MEM,-16.5,20150124
2104,BRK,4.5,20150124
2105,UTA,-4.5,20150124
2106,WAS,-3.5,20150124
2107,POR,3.5,20150124
2108,ORL,10.0,20150209
2109,WAS,-10.0,20150209
2110,SAS,-4.5,20150209
2111,IND,4.5,20150209
2112,GSW,-15.5,20150209
2113,PHI,15.5,20150209
2114,NYK,5.0,20150209
2115,MIA,-5.0,20150209
2116,ATL,-5.5,20150209
2117,MIN,5.5,20150209
2118,UTA,6.0,20150209
2119,NOP,-6.0,20150209
2120,BRK,4.5,20150209
2121,MIL,-4.5,20150209
2122,LAC,8.5,20150209
2123,DAL,-8.5,20150209
2124,OKC,-6.5,20150209
2125,DEN,6.5,20150209
2126,DET,3.0,20150228
2127,WAS,-3.0,20150228
2128,TOR,-13.0,20150228
2129,NYK,13.0,20150228
2130,ATL,-5.0,20150228
2131,MIA,5.0,20150228
2132,MEM,-5.0,20150228
2133,MIN,5.0,20150228
2134,BRK,9.0,20150228
2135,DAL,-9.0,20150228
2136,MIL,2.5,20150228
2137,UTA,-2.5,20150228
2138,SAS,1.0,20150228
2139,PHO,-1.0,20150228
2140,SAC,10.0,20141102
2141,LAC,-10.0,20141102
2142,TOR,3.0,20141102
2143,MIA,-3.0,20141102
2144,CHO,3.0,20141102
2145,NYK,-3.0,20141102
2146,GSW,3.5,20141102
2147,POR,-3.5,20141102
2148,ORL,8.0,20141109
2149,BRK,-8.0,20141109
2150,UTA,4.0,20141109
2151,DET,-4.0,20141109
2152,SAC,-1.5,20141109
2153,OKC,1.5,20141109
2154,PHI,13.0,20141109
2155,TOR,-13.0,20141109
2156,MIA,8.0,20141109
2157,DAL,-8.0,20141109
2158,GSW,-1.0,20141109
2159,PHO,1.0,20141109
2160,DEN,8.5,20141109
2161,POR,-8.5,20141109
2162,CHO,-3.5,20141109
2163,LAL,3.5,20141109
2164,ORL,10.5,20141111
2165,TOR,-10.5,20141111
2166,LAL,10.0,20141111
2167,MEM,-10.0,20141111
2168,OKC,3.0,20141111
2169,MIL,-3.0,20141111
2170,SAC,7.0,20141111
2171,DAL,-7.0,20141111
2172,CHO,8.0,20141111
2173,POR,-8.0,20141111
2174,SAS,6.0,20141111
2175,GSW,-6.0,20141111
2176,GSW,1.5,20141213
2177,DAL,-1.5,20141213
2178,ATL,-3.5,20141213
2179,ORL,3.5,20141213
2180,POR,-4.5,20141213
2181,IND,4.5,20141213
2182,BRK,3.0,20141213
2183,CHO,-3.0,20141213
2184,MEM,-11.0,20141213
2185,PHI,11.0,20141213
2186,LAC,-5.0,20141213
2187,MIL,5.0,20141213
2188,DEN,7.0,20141213
2189,HOU,-7.0,20141213
2190,DET,6.0,20141213
2191,SAC,-6.0,20141213
2192,PHO,-6.5,20141220
2193,NYK,6.5,20141220
2194,POR,5.0,20141220
2195,NOP,-5.0,20141220
2196,UTA,5.0,20141220
2197,CHO,-5.0,20141220
2198,ATL,5.0,20141220
2199,HOU,-5.0,20141220
2200,SAS,10.0,20141220
2201,DAL,-10.0,20141220
2202,IND,4.0,20141220
2203,DEN,-4.0,20141220
2204,MIL,10.5,20141220
2205,LAC,-10.5,20141220
2206,DEN,2.0,20141222
2207,CHO,-2.0,20141222
2208,POR,3.5,20141222
2209,HOU,-3.5,20141222
2210,UTA,9.0,20141222
2211,MEM,-9.0,20141222
2212,TOR,4.0,20141222
2213,CHI,-4.0,20141222
2214,ATL,4.5,20141222
2215,DAL,-4.5,20141222
2216,LAC,1.0,20141222
2217,SAS,-1.0,20141222
2218,SAC,12.0,20141222
2219,GSW,-12.0,20141222
2220,CHO,12.5,20150108
2221,TOR,-12.5,20150108
2222,HOU,-11.5,20150108
2223,NYK,11.5,20150108
2224,MIA,9.0,20150108
2225,POR,-9.0,20150108
2226,DET,2.0,20150210
2227,CHO,-2.0,20150210
2228,BRK,11.5,20150210
2229,MEM,-11.5,20150210
2230,HOU,1.5,20150210
2231,PHO,-1.5,20150210
2232,SAC,10.5,20150210
2233,CHI,-10.5,20150210
2234,DEN,2.0,20150210
2235,LAL,-2.0,20150210
2236,OKC,-5.5,20150221
2237,CHO,5.5,20150221
2238,NOP,1.5,20150221
2239,MIA,-1.5,20150221
2240,PHO,8.5,20150221
2241,CHI,-8.5,20150221
2242,TOR,3.0,20150221
2243,HOU,-3.0,20150221
2244,SAC,9.0,20150221
2245,LAC,-9.0,20150221
2246,SAS,-12.5,20150317
2247,NYK,12.5,20150317
2248,MEM,-4.5,20150317
2249,DET,4.5,20150317
2250,MIL,7.0,20150317
2251,NOP,-7.0,20150317
2252,ORL,11.5,20150317
2253,HOU,-11.5,20150317
2254,CHO,9.5,20150317
2255,LAC,-9.5,20150317
2256,ATL,-3.0,20150328
2257,CHO,3.0,20150328
2258,NYK,16.0,20150328
2259,CHI,-16.0,20150328
2260,GSW,-4.5,20150328
2261,MIL,4.5,20150328
2262,OKC,-2.5,20150328
2263,UTA,2.5,20150328
2264,DEN,8.5,20150328
2265,POR,-8.5,20150328
2266,CHO,3.0,20150407
2267,MIA,-3.0,20150407
2268,PHO,9.5,20150407
2269,ATL,-9.5,20150407
2270,SAS,-5.5,20150407
2271,OKC,5.5,20150407
2272,GSW,-3.5,20150407
2273,NOP,3.5,20150407
2274,MIN,10.0,20150407
2275,SAC,-10.0,20150407
2276,LAL,17.5,20150407
2277,LAC,-17.5,20150407
2278,PHI,9.5,20141206
2279,DET,-9.5,20141206
2280,PHO,0.0,20141206
2281,HOU,0.0,20141206
2282,GSW,-2.5,20141206
2283,CHI,2.5,20141206
2284,MIN,12.5,20141206
2285,SAS,-12.5,20141206
2286,ORL,6.5,20141206
2287,SAC,-6.5,20141206
2288,NOP,9.5,20141206
2289,LAC,-9.5,20141206
2290,DEN,11.5,20150101
2291,CHI,-11.5,20150101
2292,SAC,-1.0,20150101
2293,MIN,1.0,20150101
2294,TOR,-8.0,20150302
2295,PHI,8.0,20150302
2296,PHO,3.0,20150302
2297,MIA,-3.0,20150302
2298,GSW,-5.0,20150302
2299,BRK,5.0,20150302
2300,LAC,-5.0,20150302
2301,MIN,5.0,20150302
2302,NOP,8.5,20150302
2303,DAL,-8.5,20150302
2304,MIN,1.0,20150319
2305,NYK,-1.0,20150319
2306,DEN,8.0,20150319
2307,HOU,-8.0,20150319
2308,NOP,-1.5,20150319
2309,PHO,1.5,20150319
2310,UTA,-3.5,20150319
2311,LAL,3.5,20150319
2312,NYK,11.0,20150411
2313,ORL,-11.0,20150411
2314,TOR,3.0,20150411
2315,MIA,-3.0,20150411
2316,PHI,14.0,20150411
2317,CHI,-14.0,20150411
2318,MEM,8.5,20150411
2319,LAC,-8.5,20150411
2320,UTA,7.0,20150411
2321,POR,-7.0,20150411
2322,MIN,20.0,20150411
2323,GSW,-20.0,20150411
2324,DAL,5.0,20141028
2325,SAS,-5.0,20141028
2326,ORL,9.5,20141028
2327,NOP,-9.5,20141028
2328,HOU,-6.5,20141028
2329,LAL,6.5,20141028
2330,SAS,3.0,20141106
2331,HOU,-3.0,20141106
2332,DAL,2.5,20141106
2333,POR,-2.5,20141106
2334,CHI,2.5,20141113
2335,TOR,-2.5,20141113
2336,SAC,6.5,20141113
2337,MEM,-6.5,20141113
2338,PHI,13.0,20141113
2339,DAL,-13.0,20141113
2340,BRK,9.0,20141113
2341,GSW,-9.0,20141113
2342,DAL,5.0,20150219
2343,OKC,-5.0,20150219
2344,SAS,-2.0,20150219
2345,LAC,2.0,20150219
2346,OKC,-4.0,20150305
2347,CHI,4.0,20150305
2348,DAL,2.5,20150305
2349,POR,-2.5,20150305
2350,TOR,-2.0,20150324
2351,DET,2.0,20150324
2352,LAL,10.5,20150324
2353,OKC,-10.5,20150324
2354,MIA,-1.0,20150324
2355,MIL,1.0,20150324
2356,SAS,-2.5,20150324
2357,DAL,2.5,20150324
2358,PHI,8.5,20150324
2359,SAC,-8.5,20150324
2360,GSW,-7.0,20150324
2361,POR,7.0,20150324
2362,DEN,1.0,20141116
2363,NYK,-1.0,20141116
2364,MIL,4.5,20141116
2365,MIA,-4.5,20141116
2366,HOU,-4.5,20141116
2367,OKC,4.5,20141116
2368,GSW,-7.5,20141116
2369,LAL,7.5,20141116
2370,LAL,9.5,20141118
2371,ATL,-9.5,20141118
2372,NYK,3.5,20141118
2373,MIL,-3.5,20141118
2374,OKC,4.0,20141118
2375,UTA,-4.0,20141118
2376,NOP,3.0,20141118
2377,SAC,-3.0,20141118
2378,NYK,11.0,20141218
2379,CHI,-11.0,20141218
2380,NOP,4.5,20141218
2381,HOU,-4.5,20141218
2382,MIL,5.5,20141218
2383,SAC,-5.5,20141218
2384,OKC,3.0,20141218
2385,GSW,-3.0,20141218
2386,PHO,-3.0,20150106
2387,MIL,3.0,20150106
2388,DET,8.0,20150106
2389,SAS,-8.0,20150106
2390,MIL,-4.0,20150129
2391,ORL,4.0,20150129
2392,NYK,9.0,20150129
2393,IND,-9.0,20150129
2394,DEN,11.0,20150129
2395,MEM,-11.0,20150129
2396,CHI,-8.5,20150129
2397,LAL,8.5,20150129
2398,IND,1.5,20150326
2399,MIL,-1.5,20150326
2400,BRK,6.0,20150321
2401,IND,-6.0,20150321
2402,CHI,-1.5,20150321
2403,DET,1.5,20150321
2404,POR,3.5,20150321
2405,MEM,-3.5,20150321
2406,PHO,8.5,20150321
2407,HOU,-8.5,20150321
2408,UTA,8.5,20150321
2409,GSW,-8.5,20150321
2410,NOP,7.5,20150118
2411,TOR,-7.5,20150118
2412,OKC,-9.0,20150118
2413,ORL,9.0,20150118
2414,UTA,11.0,20150118
2415,SAS,-11.0,20150118
2416,LAC,-4.0,20141120
2417,MIA,4.0,20141120
2418,CHI,1.0,20141120
2419,SAC,-1.0,20141120
2420,ATL,2.5,20150331
2421,DET,-2.5,20150331
2422,IND,3.0,20150331
2423,BRK,-3.0,20150331
2424,SAS,-6.5,20150331
2425,MIA,6.5,20150331
2426,GSW,2.0,20150331
2427,LAC,-2.0,20150331
2428,CHI,1.5,20150409
2429,MIA,-1.5,20150409
2430,POR,9.5,20150409
2431,GSW,-9.5,20150409
2432,OKC,-6.5,20150120
2433,MIA,6.5,20150120
2434,SAS,-7.0,20150120
2435,DEN,7.0,20150120
2436,POR,6.5,20150406
2437,BRK,-6.5,20150406
